Event_ID,Org_ID
0,13
1,29
2,19
3,13
4,11
5,17
6,24
7,5
8,15
9,16
10,23
11,26
12,4
13,25
14,5
15,29
16,12
17,18
18,19
19,12
20,8
21,23
22,7
23,8
24,14
25,18
26,25
27,10
28,15
29,7
30,23
31,5
32,17
33,7
34,17
35,14
36,19
37,12
38,26
39,18
40,9
41,10
42,18
43,24
44,25
45,12
46,3
47,10
48,26
49,22
50,15
51,3
52,18
53,21
54,2
55,16
56,5
57,5
58,9
59,18
60,25
61,25
62,28
63,5
64,26
65,14
66,8
67,22
68,19
69,11
70,12
71,22
72,19
73,8
74,20
75,3
76,25
77,12
78,12
79,9
80,13
81,26
82,22
83,24
84,25
85,29
86,5
87,15
88,29
89,12
90,1
91,3
92,23
93,20
94,3
95,5
96,18
97,16
98,19
99,26
100,27
101,28
102,10
103,18
104,20
105,22
106,27
107,7
108,27
109,11
110,28
111,10
112,17
113,0
114,12
115,25
116,5
117,20
118,18
119,7
120,29
121,24
122,8
123,12
124,18
125,28
126,28
127,11
128,16
129,18
130,14
131,4
132,28
133,5
134,23
135,15
136,25
137,23
138,23
139,4
140,17
141,29
142,4
143,8
144,0
145,6
146,6
147,17
148,22
149,4
150,5
151,10
152,19
153,8
154,24
155,1
156,6
157,13
158,23
159,7
160,10
161,14
162,6
163,15
164,12
165,27
166,20
167,8
168,22
169,26
170,15
171,10
172,20
173,11
174,17
175,27
176,24
177,7
178,15
179,4
180,3
181,25
182,11
183,20
184,25
185,6
186,5
187,18
188,9
189,24
190,6
191,28
192,8
193,24
194,22
195,14
196,16
197,27
198,12
199,2
200,15
201,9
202,5
203,12
204,23
205,24
206,13
207,22
208,6
209,29
210,12
211,20
212,13
213,10
214,28
215,13
216,6
217,28
218,16
219,11
220,28
221,27
222,21
223,21
224,16
225,7
226,11
227,18
228,14
229,10
230,12
231,19
232,6
233,3
234,2
235,16
236,4
237,20
238,24
239,10
240,27
241,7
242,8
243,4
244,19
245,15
246,3
247,12
248,9
249,5
250,8
251,9
252,9
253,3
254,18
255,16
256,25
257,13
258,28
259,26
260,26
261,7
262,0
263,8
264,8
265,16
266,25
267,0
268,26
269,12
270,24
271,17
272,2
273,0
274,23
275,17
276,25
277,2
278,11
279,17
280,10
281,16
282,20
283,24
284,0
285,14
286,2
287,7
288,12
289,19
290,29
291,0
292,1
293,18
294,10
295,28
296,25
297,0
298,18
299,29
300,25
301,12
302,10
303,7
304,27
305,18
306,18
307,12
308,17
309,22
310,4
311,22
312,23
313,2
314,6
315,29
316,3
317,29
318,11
319,19
320,23
321,0
322,13
323,19
324,7
325,13
326,27
327,26
328,8
329,19
330,29
331,23
332,3
333,6
334,22
335,22
336,18
337,23
338,23
339,4
340,13
341,27
342,6
343,21
344,6
345,15
346,25
347,10
348,29
349,15
350,16
351,5
352,25
353,11
354,24
355,1
356,8
357,4
358,13
359,13
360,25
361,18
362,14
363,5
364,13
365,25
366,16
367,0
368,28
369,16
370,7
371,14
372,24
373,15
374,1
375,2
376,23
377,3
378,14
379,29
380,24
381,11
382,20
383,15
384,26
385,4
386,29
387,19
388,3
389,27
390,7
391,23
392,11
393,3
394,3
395,7
396,7
397,22
398,0
399,24
400,14
401,29
402,23
403,8
404,26
405,23
406,8
407,0
408,29
409,29
410,18
411,22
412,11
413,21
414,29
415,24
416,0
417,20
418,5
419,11
420,16
421,20
422,4
423,19
424,7
425,22
426,28
427,6
428,22
429,3
430,21
431,21
432,26
433,13
434,1
435,22
436,6
437,11
438,5
439,22
440,24
441,16
442,10
443,26
444,25
445,29
446,20
447,1
448,15
449,4
450,11
451,18
452,5
453,28
454,15
455,22
456,21
457,28
458,26
459,13
460,27
461,29
462,18
463,19
464,6
465,16
466,7
467,10
468,0
469,0
470,9
471,2
472,5
473,13
474,19
475,3
476,9
477,15
478,3
479,15
480,28
481,18
482,24
483,2
484,22
485,8
486,29
487,19
488,13
489,7
490,15
491,2
492,28
493,14
494,4
495,19
496,4
497,16
498,12
499,14
500,0
501,13
502,28
503,22
504,18
505,18
506,21
507,6
508,10
509,17
510,26
511,4
512,18
513,18
514,9
515,4
516,6
517,15
518,25
519,10
520,18
521,24
522,25
523,3
524,24
525,17
526,11
527,21
528,18
529,15
530,9
531,19
532,25
533,9
534,15
535,19
536,8
537,18
538,14
539,4
540,11
541,10
542,3
543,10
544,9
545,13
546,2
547,21
548,28
549,27
550,2
551,23
552,27
553,18
554,7
555,24
556,5
557,1
558,2
559,10
560,12
561,5
562,11
563,6
564,11
565,7
566,14
567,0
568,23
569,27
570,27
571,4
572,5
573,26
574,20
575,6
576,26
577,9
578,0
579,15
580,28
581,21
582,29
583,28
584,4
585,24
586,2
587,17
588,9
589,12
590,9
591,17
592,4
593,18
594,4
595,18
596,10
597,1
598,25
599,1
600,10
601,15
602,24
603,26
604,24
605,17
606,7
607,13
608,12
609,0
610,21
611,22
612,19
613,0
614,19
615,18
616,0
617,27
618,6
619,8
620,10
621,2
622,18
623,27
624,17
625,14
626,5
627,7
628,28
629,5
630,23
631,29
632,16
633,5
634,18
635,16
636,15
637,27
638,10
639,25
640,24
641,24
642,13
643,18
644,13
645,9
646,23
647,29
648,1
649,2
650,8
651,10
652,6
653,3
654,21
655,25
656,15
657,28
658,22
659,29
660,2
661,27
662,22
663,16
664,1
665,4
666,13
667,7
668,2
669,3
670,15
671,9
672,12
673,29
674,14
675,12
676,23
677,21
678,26
679,10
680,10
681,2
682,3
683,17
684,11
685,29
686,8
687,4
688,19
689,23
690,18
691,12
692,18
693,10
694,12
695,8
696,5
697,26
698,18
699,14
700,27
701,29
702,29
703,27
704,17
705,13
706,2
707,12
708,22
709,17
710,27
711,12
712,23
713,19
714,13
715,15
716,29
717,16
718,10
719,17
720,14
721,19
722,25
723,29
724,13
725,20
726,28
727,11
728,24
729,1
730,12
731,17
732,5
733,27
734,20
735,11
736,5
737,15
738,2
739,28
740,0
741,16
742,6
743,21
744,26
745,4
746,3
747,22
748,28
749,6
750,3
751,27
752,11
753,27
754,10
755,24
756,25
757,7
758,20
759,3
760,3
761,26
762,14
763,8
764,17
765,6
766,18
767,4
768,23
769,4
770,2
771,10
772,25
773,0
774,9
775,28
776,14
777,8
778,24
779,1
780,22
781,0
782,13
783,22
784,0
785,11
786,26
787,15
788,12
789,8
790,6
791,14
792,19
793,3
794,21
795,21
796,23
797,13
798,1
799,18
800,27
801,24
802,6
803,21
804,10
805,26
806,0
807,16
808,6
809,20
810,18
811,15
812,16
813,22
814,27
815,2
816,26
817,29
818,26
819,28
820,2
821,11
822,26
823,27
824,3
825,10
826,22
827,2
828,13
829,9
830,7
831,19
832,16
833,29
834,22
835,7
836,22
837,29
838,24
839,22
840,11
841,15
842,9
843,24
844,1
845,25
846,2
847,2
848,29
849,8
850,25
851,27
852,3
853,21
854,29
855,26
856,5
857,12
858,25
859,4
860,9
861,22
862,10
863,9
864,20
865,20
866,4
867,14
868,21
869,13
870,5
871,17
872,26
873,7
874,5
875,14
876,3
877,8
878,19
879,1
880,18
881,27
882,5
883,21
884,26
885,2
886,1
887,11
888,27
889,26
890,18
891,4
892,2
893,20
894,16
895,6
896,15
897,13
898,19
899,11
900,0
901,29
902,5
903,25
904,15
905,28
906,17
907,2
908,3
909,21
910,16
911,7
912,17
913,20
914,14
915,27
916,25
917,19
918,3
919,12
920,13
921,0
922,10
923,4
924,15
925,0
926,13
927,23
928,24
929,28
930,17
931,22
932,15
933,8
934,19
935,8
936,0
937,2
938,4
939,20
940,13
941,29
942,20
943,15
944,7
945,19
946,5
947,13
948,0
949,16
950,23
951,15
952,28
953,9
954,17
955,18
956,9
957,9
958,19
959,26
960,17
961,8
962,19
963,12
964,13
965,11
966,21
967,13
968,22
969,21
970,21
971,7
972,12
973,9
974,29
975,7
976,8
977,13
978,22
979,14
980,15
981,2
982,0
983,13
984,25
985,11
986,11
987,21
988,27
989,10
990,0
991,1
992,10
993,6
994,3
995,7
996,13
997,8
998,11
999,16
211,19
197,25
749,25
303,17
961,9
710,29
843,14
394,25
298,5
24,27
226,8
238,8
574,5
899,3
435,27
267,24
297,10
761,9
337,0
981,18
952,21
141,19
702,11
365,1
138,10
383,29
897,28
411,17
610,16
696,16
705,19
437,24
301,19
984,16
813,24
779,17
862,25
394,18
125,21
496,6
823,26
354,25
757,21
173,3
200,1
922,18
79,2
279,24
0,4
74,24
787,14
216,18
264,24
549,13
14,14
619,25
449,23
302,0
203,22
850,0
898,24
229,20
598,4
936,12
757,22
461,26
493,28
452,24
336,1
743,0
516,18
466,9
937,21
832,0
694,19
182,10
753,3
334,4
47,12
806,21
764,1
579,18
712,17
248,8
630,22
273,4
441,11
987,15
814,24
941,23
146,15
562,21
659,18
941,1
256,7
297,20
80,0
362,6
940,27
62,24
262,28
251,11
809,14
217,1
819,1
983,20
568,8
442,11
251,1
950,21
923,2
900,20
570,12
115,20
871,1
493,26
98,22
513,28
439,7
565,11
608,19
791,27
470,4
930,29
696,9
310,13
766,16
260,7
236,13
394,9
719,14
312,6
628,5
599,8
628,14
55,11
915,1
306,9
565,1
869,4
980,4
929,12
341,26
227,13
58,22
812,8
38,14
98,11
850,20
592,13
683,23
364,22
730,14
19,8
641,0
613,9
919,7
867,25
196,7
930,15
530,18
238,5
482,20
879,25
507,13
407,24
453,2
465,5
887,25
349,8
803,29
485,17
616,3
412,9
611,2
346,10
430,24
167,12
161,7
496,7
182,5
714,17
550,16
30,6
594,1
852,11
45,6
435,8
640,16
924,18
467,26
636,9
234,14
127,21
175,19
408,7
185,25
596,29
167,22
35,2
543,23
421,23
34,22
769,23
869,20
371,24
538,8
63,12
165,25
789,2
428,8
483,20
84,13
979,20
176,9
862,2
755,10
664,13
78,19
292,7
62,10
802,1
607,25
698,13
791,18
721,1
644,7
155,12
772,21
471,6
577,25
964,1
735,0
348,7
950,0
666,28
961,14
318,28
690,6
25,5
34,6
555,21
841,27
758,14
159,29
765,0
627,15
81,27
301,22
444,1
185,18
313,9
111,3
508,5
416,11
903,24
435,15
600,23
118,12
318,18
958,24
710,23
254,26
287,10
628,23
528,14
16,2
98,25
600,3
639,18
933,19
167,26
782,27
175,28
149,28
938,22
45,17
452,16
491,5
359,6
35,16
504,11
504,28
259,29
835,4
948,15
849,6
789,15
372,21
745,6
788,13
340,26
99,1
931,4
386,21
70,10
716,3
611,28
734,24
16,4
813,18
996,24
391,9
219,10
55,25
219,6
99,16
866,8
28,3
371,21
27,7
416,15
782,29
280,5
523,29
117,24
540,28
492,12
229,14
493,2
131,15
778,3
438,28
209,1
170,0
515,22
786,16
73,22
613,3
697,4
15,2
910,6
651,28
769,17
345,4
749,24
341,20
127,10
790,2
377,26
116,15
471,19
935,19
586,9
674,12
465,22
231,1
105,10
748,24
554,29
954,5
436,12
516,11
721,16
120,17
894,12
44,13
891,12
409,4
95,28
398,9
164,5
846,18
658,1
219,27
437,10
72,15
486,4
436,5
481,27
850,3
228,28
439,11
914,29
236,0
970,14
760,13
496,22
931,24
557,28
57,28
144,27
83,20
275,0
810,10
416,22
905,3
17,23
606,5
278,18
763,19
793,0
385,20
161,13
473,28
620,16
965,4
392,17
230,21
870,16
579,0
595,14
585,6
402,12
741,21
877,24
271,1
640,10
917,29
615,15
142,28
936,26
942,28
875,21
269,18
599,23
20,24
814,0
607,19
620,11
917,4
742,3
484,24
641,17
799,2
789,18
680,27
757,11
21,8
663,0
924,0
91,28
884,9
452,20
300,5
237,15
601,11
815,20
548,25
70,29
801,8
152,20
183,18
656,8
254,9
688,27
641,1
112,21
927,6
784,24
917,9
208,24
270,13
920,12
286,26
232,13
679,5
111,24
281,13
87,27
314,22
921,21
821,9
426,6
407,1
179,8
56,8
472,25
507,26
181,8
326,5
225,8
418,15
444,9
233,12
941,5
700,7
825,12
17,25
901,19
490,17
116,8
462,2
935,10
71,29
641,21
513,3
557,21
182,24
126,14
574,0
677,16
225,4
155,17
451,24
993,25
832,5
122,27
699,11
154,23
