User_ID,Org_ID,Join_date,Quit_date
1572,26,1974-04-19,1986-11-28
2696,19,1992-12-02,1990-11-03
691,23,1975-11-17,1979-08-23
3653,25,2022-09-16,1975-08-09
1265,28,1973-07-09,2017-10-25
4433,23,1983-12-23,1996-01-04
1403,22,1999-11-01,1991-10-11
4364,25,1987-02-09,1989-01-12
4913,20,1981-12-19,1981-11-01
1311,28,1988-11-07,
3222,18,2000-06-13,1972-10-07
2638,13,1991-09-15,2020-05-14
599,11,1990-06-24,1980-11-26
2953,22,1987-01-21,1977-04-16
2647,21,2022-11-10,1989-02-10
4204,15,1998-02-16,2017-02-15
1662,8,2004-04-03,1980-07-01
4149,3,2014-05-15,1998-01-21
1179,14,2022-11-23,1978-11-02
4486,11,1999-08-20,1970-12-05
1565,12,2008-12-16,2000-01-16
587,4,2019-08-30,
3255,1,2016-07-14,1974-07-24
2724,26,2004-07-23,1989-12-10
4676,9,1998-10-10,1996-08-17
306,10,1995-06-24,2008-02-27
3858,0,2021-05-15,1975-02-01
195,5,1984-12-13,1975-04-29
1014,14,1977-12-18,1997-01-31
3825,15,1979-10-30,1997-02-14
1418,26,1999-09-17,2015-01-25
451,23,1987-02-12,1988-04-09
4446,22,1990-10-30,1993-10-14
3435,10,2010-10-30,1991-08-10
1225,19,1987-07-15,1974-01-30
3323,15,1991-05-13,1971-02-28
2749,20,1982-07-04,2010-11-29
2953,11,1991-09-07,
4416,20,2011-09-17,1974-11-23
1443,15,1997-08-08,2018-08-28
2528,25,1978-01-06,1977-11-17
1145,21,2018-01-24,1990-11-22
3795,0,2001-01-30,1991-02-03
2098,26,2003-09-28,2015-04-16
3346,0,2003-06-23,2004-09-19
3508,25,2000-09-30,2005-10-23
2465,21,1973-11-03,2005-09-15
1340,26,1973-11-06,2006-04-25
2863,19,2020-07-30,2021-11-24
4423,25,2002-09-12,2018-02-11
3453,19,1995-02-28,2012-04-24
4737,20,1970-01-18,2013-01-07
4866,21,1985-12-12,2001-02-28
108,9,1996-11-27,
1047,26,2010-08-06,2014-04-22
1797,5,2003-10-26,1990-09-11
66,10,1975-11-12,2014-05-11
2474,24,2017-06-06,1998-05-21
2054,21,1980-10-19,2021-09-19
626,15,1984-06-15,2021-04-24
3151,2,1973-07-10,
2352,6,2020-07-24,
4477,25,2005-04-07,1994-12-12
2608,17,2019-03-09,1997-11-06
2410,28,2009-11-08,1984-03-05
2857,22,1999-06-16,2017-08-10
3078,0,2016-03-05,1985-09-27
1369,4,2003-11-05,1975-06-18
4293,9,2009-08-02,1991-06-15
62,1,1987-05-16,2015-01-31
1739,27,1970-08-15,1998-04-13
947,1,1978-07-04,
4730,3,1990-11-26,1999-04-20
2074,11,1986-12-28,1996-12-15
714,2,1998-12-24,2013-08-06
4936,16,1992-08-18,2012-06-05
3818,14,1973-11-28,
4363,26,1987-10-01,2004-11-30
840,13,1987-03-07,2018-01-18
2653,26,1993-11-28,2011-09-30
2612,15,1972-09-18,1982-09-16
2750,13,1974-04-13,1971-08-21
3652,6,1984-08-05,2015-03-27
241,28,1971-08-15,2023-02-18
1909,23,2008-11-27,1981-08-30
4440,19,2007-04-12,2019-04-13
2020,27,1978-06-25,1988-03-27
252,15,2005-04-06,1972-10-02
2593,21,2015-04-27,2004-06-20
1551,29,1977-05-28,1972-08-20
623,28,2007-08-01,1975-03-10
3418,26,1971-12-18,1986-05-22
4662,20,2008-01-21,1993-04-20
3619,25,1998-09-27,1975-05-01
2328,4,2022-12-11,2011-09-10
581,12,1971-02-03,2019-09-19
2194,23,1977-06-22,1996-10-28
3608,25,2009-04-21,1971-02-17
2663,27,1987-02-21,2004-06-22
4744,18,1976-06-06,1996-08-07
1994,2,1993-05-30,2002-08-01
3642,4,1970-02-02,1989-07-02
1319,4,1996-12-31,2001-09-29
2266,11,2014-07-27,1980-06-28
793,2,1978-05-23,2017-09-05
3398,14,2000-08-04,1978-01-05
4054,5,1996-11-13,1994-04-15
1237,9,2001-01-10,1993-02-26
2518,9,2012-08-06,2012-07-09
3686,13,1977-09-22,1976-12-10
106,2,2006-01-26,2000-11-07
1764,29,1988-12-21,1970-07-10
3606,9,1973-08-17,2018-03-28
3777,27,2022-11-25,
1799,29,1988-08-14,1983-01-16
3652,29,1995-05-18,1971-04-15
3070,29,2014-01-12,2006-07-16
2622,22,1990-02-01,2015-08-29
4285,23,1994-07-10,1983-06-08
875,15,2013-05-01,1996-10-30
275,8,2021-12-11,1996-08-16
2893,8,1990-10-28,2020-07-04
3974,26,1999-07-18,1978-07-30
3949,3,2016-06-26,1995-02-09
4161,21,1999-04-05,2010-04-14
1963,10,1978-04-15,2009-10-18
3566,13,1995-09-28,1984-03-16
2888,6,1970-06-26,2019-04-30
1006,25,2023-10-17,2017-01-09
1657,24,1996-03-06,1999-11-04
4909,5,1981-08-31,1984-11-07
2238,5,1998-03-19,2017-02-15
1327,28,2008-01-02,2014-10-14
1893,0,1999-07-24,2013-10-09
4385,10,2001-02-23,2016-04-10
3485,17,1981-04-14,1980-12-14
988,17,1971-08-09,2004-07-20
1798,27,2002-11-09,1991-11-02
1679,28,1973-01-01,1975-03-28
1613,24,2005-06-10,2001-12-20
698,6,2023-12-10,2007-08-05
2553,4,2017-08-08,1978-03-20
2252,24,1983-01-30,1976-11-21
4229,14,2013-09-03,2021-08-01
831,23,1988-03-21,2014-04-26
4804,1,2004-04-10,1979-03-01
115,28,2009-06-29,
4680,17,1976-05-07,
3424,19,2019-07-18,2018-04-14
4629,20,1970-01-01,
4223,16,1987-01-30,1998-07-26
304,2,2015-12-04,
2323,17,2017-10-30,1970-05-03
4363,24,2010-11-10,1996-10-30
3387,27,2011-05-29,
1408,21,2006-11-21,2017-06-25
3804,13,2002-06-05,1988-01-10
932,25,2016-09-22,1984-05-21
2367,9,1984-05-04,2002-02-18
1503,8,2011-04-03,
3595,19,1992-04-14,2018-03-24
4536,19,2004-09-30,2015-03-17
1289,28,1975-05-20,1988-12-23
2953,7,2017-02-01,2008-12-16
2093,18,1985-04-05,1979-05-25
897,20,2007-03-06,2022-09-23
4113,27,2016-01-30,1997-10-29
2973,21,2016-10-13,2004-04-10
4155,9,1998-08-13,1975-09-20
3003,12,2010-12-04,1983-11-17
2468,6,2014-06-27,2008-09-02
1578,17,1985-05-24,2009-03-23
1354,18,1982-03-18,1978-08-16
3320,5,2008-09-06,2011-12-27
1521,1,1974-12-29,1974-02-24
2645,4,1974-08-18,1997-02-22
3142,16,1997-05-21,1979-06-06
4929,29,1998-09-17,1994-11-10
3533,26,1996-10-13,
1548,3,2013-03-07,2009-11-27
2305,18,1970-07-15,2009-07-30
3951,4,1986-09-28,1992-05-09
2207,5,2001-07-05,2020-07-30
4100,1,1972-02-27,
3145,29,1977-09-03,2023-08-30
4053,24,1986-05-26,2010-09-08
3599,27,2004-06-03,2011-08-18
237,25,2017-01-13,2005-11-01
3885,9,2021-09-01,2002-02-28
713,22,2006-11-17,2016-10-03
4240,27,2010-01-30,2000-02-20
95,22,2005-03-05,1973-07-15
1439,20,2023-02-27,2000-07-09
39,21,1972-03-25,2008-03-30
1590,0,1993-01-27,1990-03-12
1505,27,2003-01-27,1988-11-07
4210,25,1976-05-16,1994-02-10
4018,8,2015-10-25,2002-06-19
302,20,1986-03-31,2005-03-09
2087,8,2021-08-07,1990-10-11
1102,6,2018-04-23,
3339,3,1995-11-03,2002-09-18
1905,11,1993-12-22,1982-04-25
1169,17,2004-06-15,2005-04-24
1023,5,1995-06-18,2023-11-22
208,21,1984-07-24,2011-03-02
3680,19,1993-07-14,2020-07-08
2672,19,1980-05-24,2013-05-31
239,25,1976-11-10,2000-11-15
2223,1,2016-02-08,2003-07-19
1219,21,1980-08-22,2002-07-26
557,12,1980-10-24,1974-09-05
1915,24,2004-08-16,2019-10-30
3008,25,1999-06-16,2006-06-22
2569,8,2011-01-02,2006-03-15
1088,14,2022-08-28,2001-05-18
1840,6,1996-03-15,2019-09-05
4821,1,1986-11-10,2011-05-26
1795,10,1988-09-17,2013-12-21
3070,13,2000-11-06,2007-07-12
2022,2,1987-01-01,1993-06-30
3607,2,2022-05-01,2014-04-02
790,24,2018-03-25,2021-03-10
4908,23,2010-12-15,1994-11-15
4879,0,2015-05-28,2014-12-28
4504,12,1972-12-12,1998-01-28
2468,18,1993-01-31,2014-06-12
1063,7,1991-07-25,1990-02-28
2396,6,2002-12-23,1990-05-18
278,14,2004-09-09,1981-02-14
1929,2,2002-06-25,1984-12-17
4803,10,2018-02-04,1985-09-17
4736,26,1976-02-05,1983-11-05
1304,10,1986-12-15,1984-08-21
1714,19,1977-04-04,1977-01-19
2493,20,1997-09-18,1976-06-09
1222,29,2004-11-21,1979-03-22
3656,18,1983-12-23,1988-12-13
288,8,2009-05-21,
3544,17,1996-09-17,
4496,29,1996-05-29,1994-02-02
581,20,1989-10-11,2022-02-22
189,25,2019-10-08,2019-04-16
4972,23,1994-02-22,1993-10-07
4469,12,1986-02-06,2020-11-13
4309,3,2003-06-01,2018-10-14
1206,3,1988-04-19,2007-04-17
1831,28,1980-12-26,1973-02-13
2135,19,2016-07-02,2018-02-06
529,5,2001-12-15,2002-04-14
3885,13,1982-03-27,1973-06-14
2156,13,2000-09-08,1983-02-11
2249,20,2021-11-26,1976-07-12
2497,6,1986-07-23,2001-02-19
2449,7,1974-06-22,1976-08-04
2855,7,2013-03-12,1994-11-03
557,15,1980-07-29,2001-05-25
996,4,1997-06-16,1976-12-27
4768,10,2003-01-29,2013-03-06
3926,13,1970-08-19,2005-02-11
2778,24,1978-01-23,1989-03-06
827,0,1986-12-09,2015-12-21
3336,22,2014-04-13,
2913,7,2006-08-30,1995-02-13
4699,15,1979-06-24,1979-08-04
3600,9,1976-01-10,1998-07-17
3751,5,1970-05-03,2004-10-08
3820,16,2000-07-28,2022-04-11
4471,28,2002-09-08,
4398,13,1971-09-06,2021-12-12
1864,17,2011-11-26,1970-01-12
2290,10,2001-01-17,2005-09-23
1970,27,2020-02-04,2020-10-13
527,14,1985-01-11,2016-07-16
2716,8,1970-09-30,1990-06-27
4725,17,1978-09-16,1970-07-11
3219,10,1988-04-29,2015-06-18
2707,11,1991-10-20,2007-01-17
1769,2,1977-03-27,1991-12-05
1091,13,1982-09-13,1997-01-25
1743,3,2013-07-28,1973-09-04
202,14,2003-08-07,
361,21,2010-06-27,1984-02-05
791,3,1972-04-06,1996-10-21
4321,25,2011-04-25,2002-09-24
4450,8,2004-03-25,1972-07-25
4069,1,2004-06-23,2013-07-22
1144,15,1975-02-14,1978-10-06
2883,0,2014-03-17,1975-07-15
743,21,2021-05-27,2001-03-20
1793,9,1986-09-26,2009-02-01
3779,27,2014-12-15,2009-06-10
545,22,1973-06-11,1998-08-21
1888,1,1998-09-19,1989-04-23
4711,0,1987-08-21,2004-10-04
2107,6,1988-03-10,1995-01-09
4498,13,1987-07-08,1975-06-19
1547,11,2004-01-03,1973-11-17
187,0,2002-10-29,
1991,0,1986-04-16,2019-08-24
413,12,1983-03-29,1988-11-03
3420,21,1984-09-29,1996-10-12
4496,2,2013-12-11,2012-01-10
890,5,2008-05-19,2009-10-03
1198,2,1999-11-06,1970-08-25
3971,15,2002-07-20,1984-10-26
2499,18,1988-07-05,1996-01-11
1814,6,2021-03-27,1972-01-02
141,8,1977-06-18,1970-07-16
3288,2,1999-06-09,
299,10,1987-01-18,
2322,21,1977-05-21,1976-11-08
3192,24,1976-12-03,1990-11-01
84,3,2008-10-02,2010-10-13
1960,1,1996-01-11,2000-03-26
4269,7,2023-11-29,1995-05-18
2916,8,2005-11-20,
3664,20,2007-08-31,1980-12-15
2820,9,1996-09-03,
4539,22,1997-09-20,
1592,29,1997-03-27,2006-01-19
2920,26,2010-06-21,1999-03-02
3741,14,1978-08-27,1981-05-25
3924,5,2012-04-05,1981-06-14
2679,20,1982-11-15,2007-07-31
2287,14,1993-11-10,2004-08-30
3744,11,2002-06-01,2020-06-26
3414,11,1984-01-27,1971-01-22
1685,10,1986-09-19,1982-07-17
1720,26,2022-05-08,2007-11-06
1662,28,1996-04-03,2006-04-19
1831,19,2006-06-23,1984-04-02
408,2,2016-06-05,2000-01-30
1449,26,2020-02-27,1972-04-01
1674,25,2015-01-26,1971-03-25
3833,19,2009-01-08,2001-04-07
7,7,2010-04-17,
2283,7,1986-01-23,2000-06-20
1159,6,1972-07-07,1984-09-27
2715,15,2002-04-04,2021-04-25
3922,6,2020-09-25,1981-08-04
1130,24,2010-01-31,1987-06-18
3199,19,1970-11-07,
824,18,1970-06-18,1993-05-12
2208,22,2009-01-24,1970-02-08
2985,5,2012-08-16,2021-08-06
2212,29,2005-12-01,
2100,29,1978-02-22,1987-11-17
1519,13,2007-08-23,1996-12-14
2405,12,2019-07-14,2021-11-03
248,10,1975-04-22,1984-06-15
1340,7,2012-08-04,2023-08-12
1010,13,1978-09-30,1986-07-25
3138,20,2005-07-17,1986-06-28
4229,26,1985-03-01,1978-04-01
3807,24,2000-04-13,1986-11-10
4316,23,1993-07-03,1981-10-09
4172,11,2006-06-10,2001-05-29
821,19,2011-06-09,1997-11-19
3777,24,2016-08-20,2013-05-03
1104,18,2021-08-24,
1652,19,2014-10-10,1983-07-23
3203,6,2010-01-07,2014-03-13
3262,15,1972-06-07,
3128,0,2013-12-25,2006-10-04
4002,28,2009-10-09,2022-01-13
2987,6,2008-09-30,1986-01-07
4680,25,1995-05-22,1974-09-04
333,16,2017-08-01,1985-09-27
735,14,2023-05-23,1996-08-09
147,16,1997-02-15,2007-11-26
755,15,1990-10-25,1979-07-04
4799,4,2004-09-09,1972-09-01
3135,23,2012-11-04,1983-06-30
2358,6,1986-05-06,1986-10-02
2200,19,2004-02-26,1975-10-18
2383,15,1982-12-07,1995-12-18
2337,17,1980-11-04,1986-11-12
4904,7,1980-01-26,1977-12-30
4345,17,2019-01-15,1998-09-18
2560,25,1976-08-21,1984-08-05
323,28,1972-12-22,2009-12-12
4333,8,1974-12-30,1993-05-13
1592,13,2021-01-29,1981-03-09
1034,23,1997-11-23,1979-07-16
2948,27,1976-01-31,2013-01-10
1309,15,1977-03-25,2004-01-17
4373,8,1977-01-18,1976-12-23
4796,21,1988-02-25,1974-04-03
3039,17,2023-05-05,1978-09-10
2083,8,1996-05-23,2022-09-13
3384,16,1978-12-06,1999-11-21
993,1,2003-03-06,1995-09-06
2711,17,1973-02-11,2002-10-11
2740,23,1987-11-06,1978-11-06
1964,14,1981-04-27,1970-10-18
2624,14,2012-10-23,1982-11-06
1766,29,2018-03-28,2013-09-11
1383,5,2008-03-15,1993-02-25
2409,7,1993-06-25,1998-11-23
3950,15,1989-02-04,1971-01-25
3169,16,2009-03-27,1995-03-02
2820,10,1973-09-13,1981-03-13
636,25,1979-03-07,1987-07-27
3652,19,1988-06-09,
4475,15,2005-11-23,1991-10-04
4199,6,1978-03-02,
3956,25,2021-08-15,2006-04-06
4905,23,2010-05-12,2016-02-04
1962,4,1988-09-11,1990-12-16
2326,19,1982-02-18,1986-11-11
2487,1,2010-07-28,1992-05-05
35,12,1971-02-18,2002-05-01
2513,1,2007-02-24,2009-09-11
2298,27,1996-04-15,1993-09-08
3129,11,2020-12-22,1980-05-19
3296,1,2001-06-14,1971-06-14
1230,8,1990-02-04,1970-12-24
1564,15,1986-10-25,1997-02-24
1424,19,2020-12-04,1981-01-24
3150,8,2010-08-04,2016-12-24
551,20,2012-04-18,1992-06-19
1813,26,2008-03-13,1997-06-29
2519,0,1982-02-20,1980-01-04
2150,20,1985-09-07,2011-07-23
2020,29,2013-10-26,
2863,10,1976-08-24,
484,28,2001-02-21,1972-11-08
3114,15,2021-10-23,2013-05-24
2445,26,2015-10-23,2004-02-16
1445,18,1983-09-01,2006-04-17
2588,8,1979-03-26,
4733,23,1994-04-28,2012-12-15
3915,22,1976-07-15,
4871,1,2022-08-21,2010-08-27
1538,25,2010-05-30,2011-08-31
1539,22,1971-05-08,1980-12-16
3776,9,2009-04-27,2023-05-25
3836,13,1984-03-08,
1731,4,1993-08-13,2020-06-30
860,27,2013-08-25,1985-11-03
1012,7,1993-09-20,2013-02-12
2507,24,2000-04-21,2005-04-11
3917,24,1989-10-08,2020-02-04
4731,24,1984-02-11,2022-03-01
1417,11,1987-09-08,2018-10-04
2094,9,1979-05-01,2012-04-10
499,28,2003-10-19,
2717,17,1983-08-22,1987-08-25
2362,11,1974-12-18,
2827,4,2021-06-06,2012-09-23
2689,26,2012-06-11,1981-02-21
927,16,1977-05-06,1975-06-17
741,29,2000-01-18,2019-04-03
3471,24,1994-04-29,2015-09-12
3505,28,1982-09-16,
2461,19,1971-02-14,1976-05-19
2782,11,2007-02-07,
4392,10,2019-05-25,1997-12-01
3662,1,1991-06-13,2022-07-07
1012,6,2016-04-01,2019-07-22
1827,4,2011-07-24,2015-02-21
1599,12,1999-04-06,2012-10-25
4051,16,2020-05-31,2021-06-13
3409,10,1987-01-03,2004-03-04
665,10,1986-03-08,1973-07-03
3644,21,2011-08-05,1982-11-12
609,2,2005-08-24,1995-03-01
1806,9,2000-09-19,1975-08-01
797,7,1982-12-24,1978-08-10
2535,23,2008-11-15,2015-10-28
1783,29,2006-05-15,1989-12-14
4523,15,2006-05-08,2008-11-06
1005,24,2011-02-07,2011-08-01
4948,16,1987-11-30,1977-12-24
660,22,2016-05-17,1984-10-23
4234,13,1980-07-11,1993-07-16
4325,11,2011-01-18,2019-02-19
487,20,1993-12-14,1999-07-23
304,5,2022-08-07,1992-06-29
1551,24,1987-09-04,1999-10-08
2081,2,2009-10-02,
3561,15,1990-05-18,2006-03-26
548,26,1997-12-27,1992-04-08
3048,4,1991-12-21,2003-08-11
263,26,2017-10-21,2012-01-05
2317,25,1998-08-20,1992-07-06
4286,3,1974-03-03,2022-04-15
1169,23,2008-03-07,1999-03-09
2944,27,1985-05-16,1993-07-08
4613,26,2001-08-06,
2882,0,2017-07-21,1991-11-11
82,28,1993-05-17,1976-03-19
762,25,1972-06-18,1992-02-12
3028,11,1978-10-08,2010-08-29
769,8,1975-06-07,
4933,7,1981-09-05,1990-02-12
2874,16,2010-03-20,2013-10-28
3109,27,1995-01-16,1996-02-12
1935,25,2009-02-27,2022-03-05
3212,26,1989-02-02,2014-08-23
1886,8,1991-07-27,1972-04-28
601,21,2008-11-08,2014-03-06
2749,3,1997-11-05,2020-06-05
3403,27,1986-08-29,1980-06-10
3116,17,2001-08-17,1985-09-04
982,9,1976-05-14,2022-01-28
16,18,2008-02-24,2003-11-26
2983,22,1978-05-27,2001-12-03
3554,18,1988-01-27,1990-08-13
4371,23,1976-09-10,1999-09-29
637,3,1975-06-13,1997-09-02
3080,1,1996-07-10,2010-05-26
1095,2,2001-05-13,
2728,12,1974-10-19,1993-12-12
1095,12,2015-01-20,2013-08-17
1492,11,1981-12-23,1991-11-10
3161,3,2002-02-14,1970-01-08
3617,17,2018-11-25,2003-12-17
1987,23,2017-01-05,1994-08-15
1249,28,1981-02-13,1995-05-17
3855,6,1980-06-16,1975-12-13
3242,17,2023-07-01,2011-07-20
994,3,1980-03-08,1979-10-18
3553,14,2001-12-12,1974-11-17
676,19,1997-05-28,2001-05-07
785,29,2004-02-14,2016-05-18
2836,10,2005-05-01,2013-05-09
4472,23,2007-12-04,1979-03-29
4127,20,1978-04-08,1971-01-12
2574,13,2017-12-20,1986-10-05
2277,1,2010-10-31,2018-06-16
1662,3,1974-05-30,1990-10-12
4284,10,1981-04-13,2015-01-27
3470,3,2015-06-05,2009-07-24
3621,25,1997-10-04,2010-10-24
4938,8,2004-08-29,2010-11-17
4317,24,1992-06-20,1970-02-22
3831,29,2002-06-12,2002-04-06
4424,29,1999-02-03,1979-09-04
4640,15,1985-04-02,2008-10-25
3341,13,1983-01-20,1989-07-22
3856,5,1975-04-27,2003-09-18
646,28,1995-11-30,2023-06-09
222,16,2012-08-10,1989-02-01
2832,2,2002-01-30,1990-12-26
4465,13,1993-01-06,2000-06-19
3817,26,2001-12-25,2008-07-17
1108,19,1977-07-07,1986-03-09
1325,7,2013-03-14,1994-05-25
3137,25,2003-02-19,1996-08-10
85,8,1996-06-23,1972-04-15
4906,2,1974-01-10,1988-07-21
3278,18,2006-01-07,2016-02-27
130,28,1999-09-28,1976-04-11
1434,23,1979-12-27,2006-03-13
4363,20,2019-03-21,1991-05-10
4137,23,1983-11-05,1977-02-05
3188,15,1987-08-20,1985-04-05
2490,0,2001-06-26,1978-05-12
4693,8,2023-11-22,1998-04-23
2169,27,1972-05-30,1979-01-22
3328,15,1988-12-29,1993-06-11
469,21,1970-04-22,
1404,27,2018-12-15,2018-01-26
4120,18,1997-03-08,1993-09-29
3056,19,1987-06-12,1999-09-22
4879,5,1975-08-09,2023-10-19
3229,21,1970-12-24,2005-01-18
3637,27,1987-11-23,
4147,8,2000-12-30,2023-05-17
224,21,2004-05-03,2011-12-21
105,1,1982-09-07,1990-01-03
3896,3,2018-09-07,2001-01-14
1933,8,1998-05-10,1970-05-14
4210,23,2012-09-05,1978-09-01
4562,7,1990-02-27,2007-10-05
1336,16,2023-01-30,1987-01-24
4415,6,2021-04-15,1985-04-13
498,25,2000-05-27,
1283,22,2020-04-06,2022-08-16
3132,27,1984-02-24,1984-06-12
1887,10,2008-09-02,1979-04-21
2265,1,2014-01-13,2008-05-20
1489,20,2002-10-17,
834,27,1974-10-13,
881,2,2005-08-26,2007-01-28
2470,16,2002-09-01,2020-12-07
1179,4,1975-01-03,2000-05-03
218,27,1978-07-08,2022-11-01
3205,20,1995-10-05,
726,18,2010-10-16,1980-12-10
2004,21,1994-08-11,1984-12-18
1450,6,2009-01-06,1970-03-10
4311,10,1996-12-30,1989-10-22
4902,12,1998-03-19,
4695,2,1972-04-12,2022-03-31
4676,16,2011-07-13,2011-09-30
4950,9,2023-05-21,
927,20,2013-02-11,2004-11-11
47,16,2013-08-06,2022-04-10
1540,12,2011-12-29,1972-05-20
2054,7,2007-12-29,1977-01-06
2934,4,1981-09-01,2011-03-20
120,15,1986-11-30,
3281,0,2016-03-14,1998-04-03
3173,29,1975-09-11,2005-11-12
3203,10,2014-01-11,
752,19,2009-01-23,1987-11-08
1344,15,1995-03-23,2016-12-05
1503,0,2008-09-12,1987-03-13
2729,21,2012-11-08,2023-11-15
4103,0,1971-06-03,2018-02-02
4773,25,2020-04-27,1975-12-26
879,7,2005-07-18,1985-04-27
77,25,1998-11-06,1970-06-18
2949,24,1989-08-07,1986-01-01
989,17,1970-11-25,2022-03-29
4438,14,1973-06-28,2021-12-15
4440,9,1994-03-20,2002-03-05
4817,1,2003-01-17,1983-04-05
3258,13,1985-11-06,2007-08-07
2305,14,1994-10-12,1972-10-09
387,15,2009-07-18,
4461,29,2023-03-25,2016-06-12
3047,29,1986-09-06,1980-10-03
2178,21,1988-07-04,1972-11-07
3846,1,1987-04-22,2015-02-16
3375,24,2018-09-27,1977-04-04
3816,9,1972-07-08,2010-10-04
2882,23,2007-09-02,2021-08-23
1433,24,2010-06-24,2002-04-29
1768,2,1997-02-26,2008-09-17
1586,29,2011-02-01,1986-08-26
4817,0,2016-06-08,1998-07-05
3019,27,2004-09-30,1997-09-19
3989,17,2005-12-31,2001-03-13
3532,13,1983-12-02,2006-06-22
4890,23,1993-10-31,2020-12-15
564,20,1992-05-15,2023-06-11
4128,27,1994-10-27,2015-08-16
3763,1,1988-08-22,2011-05-25
4822,23,1993-03-29,2003-04-18
3047,23,1990-02-22,2018-03-24
2546,6,1971-09-27,2006-08-01
2093,17,1977-06-09,1980-10-12
3402,9,1985-06-10,1985-01-08
1723,23,2022-01-11,1982-11-17
1772,1,1992-04-18,1988-02-18
2358,17,1977-01-06,
3031,29,1970-06-08,1998-03-25
1431,26,2007-12-15,1996-06-28
4256,4,1987-01-15,1991-10-02
870,18,2003-06-19,
867,11,1971-06-12,
4841,24,1988-09-20,1985-07-25
661,7,1970-06-21,2023-05-14
4748,23,2014-08-05,1971-09-02
2940,29,2012-03-09,2000-08-09
3978,18,2015-07-09,2001-08-02
3490,8,2019-09-05,
1517,29,1997-12-28,1981-11-23
2619,25,2020-10-22,2007-07-05
3731,2,2013-06-16,2019-05-28
3957,0,2019-03-14,1994-01-27
2075,22,2007-08-16,
3811,5,1975-03-19,1991-07-02
4189,12,2018-06-27,1977-11-30
1514,25,2000-04-16,2018-09-03
2396,10,2001-12-09,2003-05-24
1540,13,1982-05-26,2023-04-05
1260,5,2008-01-14,2007-07-23
3204,22,1984-07-16,2010-02-10
1637,19,1983-04-03,2011-12-20
4778,9,1975-03-03,2022-01-17
1016,1,2019-04-10,1974-11-27
570,16,1972-01-03,1972-08-17
667,5,2008-10-28,2003-10-04
4657,14,1992-01-25,2012-10-06
1991,21,1972-02-12,1984-01-03
469,10,2007-06-06,2021-12-12
760,16,2023-03-15,2023-10-10
2514,2,1998-05-05,1973-01-03
3339,6,2008-09-08,1985-03-04
4223,1,1994-07-14,1988-11-12
3808,18,1973-11-18,1980-10-09
1632,24,2002-03-04,2011-10-27
1173,4,2010-06-19,2000-05-16
1799,12,2011-01-15,
1878,29,2003-04-16,1976-01-21
3778,6,2008-11-17,2003-04-18
2072,3,1974-12-08,2017-03-17
3026,27,1986-12-30,1972-08-19
4676,23,1975-07-25,
4329,20,1994-01-21,1998-06-24
508,9,2002-05-24,1970-03-21
3214,26,1981-05-26,1988-09-25
1594,1,2016-06-23,1986-12-13
4605,27,1995-01-27,2012-12-29
352,12,1994-02-06,2018-11-28
2854,24,1992-01-12,1970-04-24
4247,20,1983-08-13,1983-04-12
4493,4,1991-02-11,1980-02-25
109,14,1977-06-19,2012-08-06
3620,1,2000-07-10,1992-02-25
4376,0,1976-07-30,1974-02-25
3625,11,1995-07-16,1978-12-23
3611,17,2002-02-19,1990-06-23
3241,28,1989-02-27,1988-11-10
2935,24,1997-10-02,2007-06-15
4681,2,2013-03-11,2003-04-25
2194,10,1971-01-13,2018-04-23
3174,8,2023-02-02,2006-08-03
2233,18,1976-12-11,2018-10-15
3095,6,1973-01-01,
3545,5,1987-08-21,2012-05-13
4649,22,1971-11-15,1991-09-27
1449,15,1998-04-21,1985-03-30
482,20,2018-09-24,2002-04-11
2545,14,2004-02-18,2010-08-06
47,23,1991-08-14,2016-12-28
3638,27,2001-01-14,2004-04-17
1874,9,2013-05-15,1987-03-16
868,0,2022-02-11,2015-06-05
3776,7,1991-10-31,2015-05-02
3640,29,2013-08-17,
4505,11,2010-07-14,2007-06-21
3950,7,1981-12-19,1980-06-18
2365,14,1982-09-30,1974-12-30
751,18,1974-06-26,
3222,6,2020-09-13,2009-02-18
4680,27,1996-06-08,1979-07-17
999,22,1999-07-07,2012-01-23
797,13,2000-12-13,1998-11-27
932,15,1977-03-21,1985-09-11
1333,27,2010-07-17,1970-04-24
2137,18,2006-04-27,2020-05-10
3396,1,2001-09-17,2020-01-13
1782,18,1980-05-20,1996-10-27
4104,7,1976-05-20,2007-06-27
3904,27,1992-08-16,1985-07-26
2257,1,1980-11-11,2019-07-30
1972,26,1992-10-09,1970-07-06
277,4,1994-08-05,1985-06-08
2314,17,1977-10-07,2002-12-12
2281,26,2016-12-12,2013-03-26
2161,2,1991-07-23,1996-04-10
4383,17,1996-02-03,1995-12-17
4480,23,1998-08-21,2013-09-01
4017,25,2014-03-12,1971-07-23
1946,23,2012-12-15,1999-10-02
329,0,1994-07-19,2020-07-26
4718,3,1986-02-20,2000-11-26
1981,28,2013-04-28,1986-03-02
3192,9,1985-01-31,
2265,21,2004-02-07,1972-06-21
675,23,2006-07-25,2015-01-24
1446,8,1973-11-18,
3792,28,1974-07-14,1984-02-03
193,18,2000-04-20,2007-03-02
100,22,1982-10-06,2020-04-18
4008,13,2007-03-05,2003-07-29
110,15,1978-07-13,1981-08-09
4025,14,2000-03-16,1984-06-07
613,27,2011-06-02,1982-12-30
1579,23,1983-07-26,
4888,9,2002-02-12,2019-06-25
588,0,2006-03-17,2022-12-21
333,25,1996-08-05,
4161,16,1995-07-25,2002-07-02
1481,2,2001-10-16,2017-02-14
1860,15,2007-04-20,1976-07-25
2839,1,2009-04-23,1999-08-08
4619,14,2016-10-21,2010-05-24
43,18,1999-09-13,2009-09-18
2440,11,1974-02-21,1984-01-11
1812,11,2018-11-03,1996-06-09
1485,5,2022-05-15,1983-06-13
3548,27,1978-10-29,2008-09-09
3625,16,2011-08-05,1992-04-22
1421,1,2012-08-01,2018-11-13
222,12,1988-06-23,
910,27,2013-06-07,2011-05-23
3167,23,1978-03-17,2005-10-08
2302,16,1977-07-08,1999-06-04
2305,14,1974-03-13,1980-05-18
1563,24,1980-02-08,2020-08-27
3146,10,2003-08-18,2021-08-30
4970,8,2003-12-16,1976-12-18
2385,8,1983-06-14,
764,21,2020-05-23,1972-04-02
2480,10,2007-10-13,1987-04-02
4254,15,1983-06-16,2011-12-18
1973,16,2021-05-16,2005-11-22
2922,14,2021-09-20,2012-08-01
3028,7,2006-05-03,1970-06-15
1110,5,1977-04-23,2019-09-04
1231,16,2019-09-04,1995-03-05
1299,27,2023-11-02,1978-03-30
3585,29,1970-12-07,
1249,17,1972-05-27,2015-10-14
948,21,2009-08-07,1989-06-13
1744,9,1986-03-07,2018-10-23
2597,17,2021-02-28,
2294,29,2001-05-22,2012-08-01
1781,27,2001-05-03,1989-08-17
2,14,2016-08-28,1990-04-23
2029,17,1988-05-11,1973-04-27
583,29,1991-02-05,2007-02-16
756,6,2019-02-12,2006-02-27
2528,10,1976-11-15,2021-05-18
422,12,2011-06-27,1982-05-13
3600,15,1997-06-07,2022-08-15
323,29,1984-08-19,1985-02-09
3887,1,1989-07-30,
4461,28,2004-11-14,2012-01-26
4877,15,2009-09-22,1993-10-03
3822,28,1985-08-07,1972-04-01
1723,14,2005-04-02,2013-09-13
2776,5,2022-07-16,1977-07-11
1406,16,1971-09-12,2021-10-04
3374,23,2020-01-01,
396,10,2011-01-26,1979-02-14
2337,22,1999-08-08,2004-02-22
100,9,1973-11-11,2012-01-20
1989,9,2003-06-08,1973-09-03
1282,6,1987-08-14,2019-06-10
4623,10,1973-01-16,2004-12-18
1849,23,2013-08-22,1975-04-15
3899,7,2018-04-26,1992-09-29
1103,12,1986-03-15,2023-10-22
3868,25,2011-07-10,2004-01-27
2481,29,1970-03-12,
1785,3,2006-12-23,
2732,14,2017-09-10,2003-10-03
4145,16,1993-11-08,1998-06-25
4791,26,1985-06-01,2011-10-07
3306,26,2018-07-12,1993-02-06
4262,29,2019-04-08,1974-08-25
1543,24,2022-08-29,2000-07-07
3322,19,1988-10-15,1989-02-21
1784,26,2006-06-29,2020-09-12
2198,24,1995-02-10,1991-01-02
4631,19,1998-09-25,2011-03-09
3899,9,1980-11-18,1993-01-25
1295,17,1991-05-28,1993-06-30
916,19,1974-04-02,2012-03-29
2399,28,1974-12-02,1992-03-05
3209,20,2009-05-19,1982-06-21
3511,10,1999-08-26,1976-08-17
1066,25,1991-08-20,2004-03-16
1310,17,1980-10-05,2023-06-26
1904,18,1982-08-24,1984-02-08
1433,10,1998-07-25,2022-12-27
453,20,2008-09-30,
3187,5,1996-12-01,1982-11-27
1776,5,2020-06-24,2007-08-13
3232,29,1996-10-30,1977-05-17
4979,18,1993-06-09,2015-10-09
2376,23,2005-08-09,1970-01-15
3566,22,1999-07-01,1999-12-29
3251,26,1992-11-27,2004-01-21
3189,4,1983-01-23,1997-03-16
4201,22,2004-09-13,2014-11-17
2961,6,1976-08-22,2006-11-03
416,4,2017-01-28,1986-05-27
627,16,1983-11-21,
2523,24,1972-03-03,2019-09-25
4548,8,2008-02-25,1998-12-04
2437,8,1991-09-10,2011-10-27
2743,14,2018-09-07,1989-04-19
2570,20,2021-03-27,1975-01-14
4685,12,2002-11-26,2020-07-08
4893,11,1990-02-24,1990-08-11
4307,29,2002-03-11,1985-11-08
4762,28,1993-08-13,
1565,15,1997-10-25,1971-10-23
3762,5,1984-08-11,1999-05-26
2856,9,2016-09-16,1996-05-19
3898,24,1987-03-21,1976-04-18
1779,21,2017-06-12,1989-07-06
129,16,2006-05-27,2017-08-20
2769,15,2011-02-06,2007-07-11
2228,14,1985-05-01,1974-09-14
4777,29,2005-03-25,1983-04-10
4188,7,2022-03-07,2019-10-19
2382,0,1974-12-01,2023-05-21
2663,27,2014-11-09,
1676,13,2013-02-08,2022-12-07
1637,29,2012-08-03,1972-12-01
3335,7,2000-04-14,1998-08-26
1921,29,1981-10-23,
684,9,1982-04-04,1976-01-15
2868,24,2007-12-05,1977-12-19
1659,15,2007-04-16,1975-07-04
3177,27,1981-04-17,1976-01-05
3904,1,1975-01-01,2018-01-27
1090,24,2011-08-31,1978-02-17
4426,24,2014-12-18,2008-09-23
1309,2,1973-03-04,
3443,4,1973-03-16,2005-10-21
1226,15,1993-10-04,
2913,10,2008-06-11,1975-05-20
3860,24,2009-10-14,1974-08-05
1638,22,2022-01-09,1996-08-11
4438,21,1974-11-16,1976-01-24
1674,14,2007-05-05,1980-09-01
1874,14,2008-10-21,2018-11-04
1659,15,2022-02-26,2007-07-30
433,1,1998-06-01,1984-10-10
1271,1,2003-06-08,1989-09-08
1017,10,2000-01-28,1992-12-10
1169,29,2021-02-24,1990-03-28
4988,10,1977-12-24,1987-10-01
2797,7,2001-07-23,1992-08-03
2805,26,2000-02-13,1986-01-29
3622,1,2002-06-06,1987-12-17
2386,7,1993-03-05,2005-08-05
2557,16,2016-03-17,1999-05-29
200,21,1994-03-11,1992-03-24
2588,16,1996-07-04,2016-06-28
3798,8,2005-12-24,1984-09-17
828,25,2004-06-28,1980-10-18
3293,29,1972-09-19,1996-02-22
2475,5,2023-05-06,1970-06-07
1457,2,2018-09-18,1970-07-10
639,7,1994-08-19,1979-09-12
91,9,2013-08-15,1997-04-05
3634,17,1993-01-17,
361,20,1972-07-31,1993-12-16
3327,3,1974-05-02,1972-05-22
750,3,1974-08-06,2005-09-28
4689,22,1994-02-14,1991-01-17
4698,28,2002-09-18,1993-09-14
116,14,1994-07-12,1980-10-30
2245,27,2023-01-24,1994-04-21
576,10,1996-06-20,2016-06-02
4920,27,1993-08-01,2003-11-22
3915,13,2005-03-19,1993-06-28
1847,19,2002-01-14,2022-03-14
4402,3,2013-09-17,1980-12-05
514,7,1983-08-18,2009-08-25
4371,10,2002-08-11,1989-12-12
3090,14,2019-09-20,2021-06-01
3615,17,2003-01-05,2020-06-16
1275,16,1988-02-21,2008-12-01
646,11,1990-05-13,1991-02-12
3798,27,2009-02-24,2009-07-12
1119,11,1974-12-19,1979-01-08
2501,20,1988-10-09,2011-03-15
284,26,1993-06-16,2008-09-26
4634,26,1989-10-10,2000-07-26
3241,23,1993-02-05,1975-09-22
832,21,1983-11-03,1970-01-03
2057,12,2022-07-17,2001-11-25
3665,9,2018-05-09,
4174,10,1987-11-28,1991-01-15
2850,14,2021-05-15,2022-11-21
1745,8,2018-10-20,
2250,24,1998-09-10,2021-07-29
3723,13,2003-01-28,2022-03-16
4136,2,2017-08-02,1992-04-30
941,29,2004-10-23,
1596,16,1989-07-08,1989-02-23
1000,1,1996-07-15,1979-08-16
1021,8,1978-06-17,1972-08-07
2532,18,2021-11-14,2017-03-09
446,26,2003-10-03,2022-08-21
1513,29,1986-04-20,2015-05-03
2195,21,1970-09-25,1991-12-28
218,9,1970-03-26,2021-11-07
1603,24,1998-06-24,1982-03-22
4108,29,2023-10-30,2016-09-22
3706,28,1981-09-21,2000-11-15
216,26,2021-12-11,2010-03-05
2628,9,1973-04-19,2005-06-22
699,4,2010-02-18,1970-11-24
3386,29,2007-06-26,2020-07-18
3854,17,2023-05-15,1997-08-10
2783,29,1980-06-01,1981-01-04
4672,23,1978-05-23,1997-01-23
4813,19,2016-01-16,
1371,7,2001-11-10,2003-05-16
2322,16,1998-02-03,2022-10-17
4130,17,2019-12-10,1998-05-27
4221,25,2008-07-11,2010-08-28
4072,15,2019-04-22,1989-01-01
87,2,1976-10-04,2001-01-23
2887,5,2022-06-24,1979-04-13
30,20,2008-03-28,1993-11-23
887,28,1996-08-24,1978-01-28
4280,24,1979-11-02,1997-03-02
4993,15,1974-12-16,2013-04-28
1032,20,2012-10-13,
4320,25,1975-01-13,2017-02-20
1269,22,2003-03-29,1970-05-02
4462,18,2023-04-21,1979-04-06
1432,24,2000-06-27,1985-10-21
2253,28,1984-11-04,1972-07-15
4845,20,1983-05-09,2023-07-23
1097,8,2021-12-30,1987-06-17
2636,26,1974-12-31,1985-09-15
72,12,1994-01-31,
512,13,1974-01-16,1993-10-19
3252,27,1981-09-23,2007-03-23
4497,16,2002-03-05,1992-09-20
3223,10,2022-01-09,2013-06-11
14,29,2011-09-20,2016-03-05
2830,12,1999-10-17,1988-08-04
1797,4,2015-07-16,1991-10-14
159,24,2020-10-26,2001-04-03
3463,18,2003-02-02,1996-04-16
4257,14,1980-10-31,1977-09-01
2913,8,1998-06-28,1999-04-24
900,2,1975-09-17,2013-09-18
2013,16,2018-01-17,1974-10-16
352,12,2011-01-03,2007-06-29
629,16,2002-08-26,1991-12-06
4328,26,2001-03-03,2008-10-22
1113,8,1977-05-06,2020-01-24
1491,4,2009-12-22,2006-10-22
2607,20,1990-08-29,2021-07-13
1427,0,2015-02-24,2011-08-26
92,19,1979-06-25,1978-02-14
3856,10,1972-05-16,2013-12-08
2662,0,2006-12-11,2014-11-12
4089,27,1971-03-24,
1557,15,1977-08-09,2013-02-20
1287,25,1992-12-07,2015-04-21
1713,24,1994-06-26,2015-12-30
4978,24,2022-04-15,
1532,25,2000-06-25,2002-11-10
955,16,1975-06-14,1974-11-17
1793,2,1990-02-26,1970-09-30
4064,20,2003-10-30,1984-11-09
1437,3,1982-06-26,2008-03-31
3079,1,1986-05-25,1984-08-12
1784,20,2018-02-20,1974-02-26
196,22,2014-12-24,1977-07-08
806,19,2001-06-18,1984-11-17
2203,20,2003-05-03,2017-07-10
976,7,1999-09-10,1977-10-28
1137,7,1984-06-30,2022-03-04
1593,14,2014-10-13,1985-12-18
4327,23,2016-03-22,
510,24,2020-10-08,
3256,22,2005-02-24,2023-08-01
1694,5,1983-09-13,1980-10-01
1699,29,1971-10-28,2011-12-03
3435,29,1970-10-12,2018-02-04
4820,17,2009-06-15,1986-01-31
320,19,2008-06-07,2017-06-07
1530,15,2012-07-21,
4275,4,2018-07-26,2021-05-26
3788,9,1991-02-24,1991-02-22
4223,22,2009-05-11,2014-01-12
1114,15,1997-10-13,2019-02-11
4451,10,1990-02-05,1978-03-23
1088,11,1974-01-08,2018-04-01
1294,0,2007-12-28,1992-01-18
4459,11,1999-02-18,
3565,9,2015-05-01,1986-01-25
4806,14,2018-12-01,1999-12-21
4012,6,1973-10-26,1992-01-16
1036,10,2002-06-09,1989-11-26
2786,1,2019-07-10,2008-06-18
4498,1,2020-12-09,1988-05-22
1084,13,2001-03-26,1971-12-08
560,3,1985-09-30,1986-05-07
2947,3,1992-06-16,2018-02-14
569,20,1985-12-27,1993-09-28
4544,24,2008-01-30,2002-05-09
4937,15,2020-09-14,1986-06-01
1425,18,1991-09-11,2020-08-08
383,16,1991-04-11,2012-12-23
892,27,2005-03-21,1975-09-09
882,28,2022-10-07,1999-01-22
1649,14,2021-09-03,
2912,3,2014-07-22,1990-06-28
2843,1,2023-03-24,
3867,21,1988-04-08,2009-01-14
4937,0,2006-07-15,1992-03-12
2837,20,2003-11-24,2003-02-04
1229,16,2006-07-30,2009-12-15
2249,28,1997-08-09,1988-03-18
3801,1,2007-04-25,2021-01-14
1593,8,2008-12-01,1997-02-16
2962,20,1983-02-12,2005-02-18
4791,25,1978-05-12,1987-09-08
4192,1,2002-11-15,2002-10-11
4021,12,2023-01-02,2023-11-02
2353,3,2009-05-19,1989-01-25
545,15,1979-02-04,2004-07-18
1054,15,2012-07-28,2003-03-11
1219,28,1997-10-12,1999-09-14
3904,25,2009-04-03,1983-02-14
1650,18,2006-11-19,
3062,4,2008-04-19,1995-07-09
3812,25,2006-09-20,2006-03-25
3882,6,2002-06-14,2018-07-31
581,0,2015-05-15,1983-01-23
1591,22,2003-10-25,1971-02-09
1275,16,1983-02-04,1994-11-12
3916,22,2012-08-09,2004-07-13
1625,15,2006-08-11,1986-09-04
4524,10,1994-06-12,1980-03-07
611,14,1975-03-22,2008-05-12
2294,13,1982-07-30,1980-08-07
2099,24,1971-11-04,2010-07-26
893,14,1987-06-27,2011-06-12
15,18,1991-09-08,1973-12-02
4256,20,2023-07-17,2023-06-20
1256,26,1981-04-05,
1741,6,2000-08-02,1971-12-09
4984,3,1971-06-09,1981-10-30
2375,17,1978-02-19,1984-03-01
2986,20,2017-12-08,1996-06-02
568,7,1978-10-19,1983-05-29
2078,1,1998-11-30,1990-05-25
2097,19,1997-12-26,1998-08-25
3526,16,1986-01-23,2023-10-03
4277,5,2013-01-03,2021-03-23
2993,3,1974-05-07,1998-04-25
379,13,2014-07-28,2016-07-29
1202,26,2013-08-30,2004-02-25
2129,20,2005-04-20,2009-09-20
4100,19,2003-11-21,2004-06-03
2782,19,1973-04-17,
513,6,1993-05-12,2008-08-18
2576,29,2017-03-08,
610,8,2016-03-17,
2972,18,2009-01-14,
2732,19,1987-09-05,1988-08-03
4522,28,1975-08-18,1986-05-26
883,0,1992-03-06,
411,24,2018-07-11,1994-08-03
191,21,1998-02-14,
632,16,1979-07-28,1984-07-23
1770,22,2005-11-13,1991-07-11
4568,18,1972-09-20,1991-04-25
2910,23,2011-02-17,2022-07-25
3315,19,2003-10-11,1993-12-30
4728,4,1979-10-22,2003-09-30
4963,26,1972-09-29,2016-06-17
3802,28,2015-08-21,1995-10-08
1004,12,1990-08-05,1995-11-25
3951,17,2001-04-19,1983-03-01
2473,20,2016-10-09,
2657,16,1971-11-19,2023-03-30
2838,16,1975-08-25,2007-12-12
2399,21,1997-06-05,1998-10-13
4047,11,1978-01-18,1996-06-08
4367,13,2023-06-16,2012-07-10
759,25,1996-07-28,2023-10-30
3066,23,2005-07-13,1999-08-02
2085,10,1984-06-19,2005-08-19
4812,20,2016-11-21,2020-02-11
1631,20,2005-10-26,1998-01-27
3419,12,2012-08-12,1995-07-20
4104,11,2016-12-26,
2749,6,1996-10-17,1979-11-08
3405,1,1990-06-16,
4572,16,1994-03-16,1981-02-21
2723,1,1988-11-19,1985-02-17
2504,17,1998-01-09,2005-06-18
3278,18,2019-04-15,1980-09-06
1734,9,2011-09-04,2003-02-17
445,24,1982-07-12,
109,5,1991-05-20,2006-04-01
3677,2,2001-02-21,1988-10-04
525,3,1975-02-17,
1168,20,1987-10-03,2022-02-25
3421,25,1985-07-05,2019-02-02
3429,25,1973-05-14,2021-12-30
304,0,2002-07-14,2020-11-09
1347,16,1991-08-29,
3949,10,1970-10-09,
2348,19,2005-08-21,1989-07-20
4740,22,1994-03-19,1995-09-06
1179,11,1988-09-07,1990-09-19
4177,20,1981-08-18,
3658,5,2008-12-09,1973-12-10
4362,11,2017-08-28,2012-06-29
7,15,1974-10-21,1978-08-22
3523,13,1981-10-29,2018-09-05
4282,26,2005-01-25,2016-10-24
2421,28,1984-12-12,2005-11-27
4977,23,2021-11-20,1970-09-10
4539,15,2010-05-24,1973-10-27
4662,14,1971-01-16,1984-12-06
2701,15,1996-11-12,1970-05-17
3856,28,2017-04-20,1987-09-25
2620,29,1982-04-15,1979-01-14
4067,22,2020-08-24,2002-12-19
2197,28,1997-10-26,2022-01-09
3036,21,2013-03-07,1980-06-28
345,25,1976-04-04,1999-09-26
1711,0,1996-08-27,1990-07-08
4763,28,1975-04-21,1989-04-28
2144,3,1986-07-01,1999-07-24
3428,22,2016-09-28,2017-02-23
1711,20,1989-09-28,1989-08-03
3625,9,2011-04-15,1976-05-29
2473,7,1995-07-26,2012-07-27
426,17,1981-04-28,2000-06-22
2047,24,2008-04-05,1981-06-03
710,1,2012-07-24,1990-01-18
1953,20,2019-03-15,2022-01-21
3647,26,2007-05-12,2001-11-06
3032,23,2012-01-05,1994-08-08
3263,14,1997-03-10,
2568,9,2008-08-19,1997-02-28
3794,29,2010-02-15,2012-01-09
581,21,1999-09-04,2012-12-19
2525,3,2016-11-10,1980-03-20
3871,0,2003-03-19,1978-12-31
4422,10,2020-12-04,2014-12-02
3061,9,1989-08-01,1979-03-22
1752,2,2002-12-06,2001-02-17
229,19,1970-04-22,2012-01-20
1189,19,1990-07-28,2008-09-01
1231,29,2010-10-07,2021-05-18
1268,1,2005-08-15,2009-01-02
1980,15,1972-07-12,2005-10-15
1721,0,1998-02-09,2000-02-18
1795,3,2004-01-01,
4936,18,1990-04-23,1986-12-23
2258,19,2005-12-03,2004-03-16
3629,29,2004-01-31,1982-01-09
3859,1,1993-03-30,2021-02-08
626,25,2014-04-30,2006-08-14
1878,11,1972-05-08,1975-07-06
4366,9,1996-07-09,1974-03-15
2582,5,2011-03-12,1975-10-15
1141,15,2003-07-25,2004-07-27
4126,16,1974-01-04,1975-12-07
4496,11,2022-02-24,
353,2,1975-12-27,1991-02-07
3519,3,2020-04-09,2013-03-24
1702,26,1975-10-26,1998-06-21
1590,24,1992-05-08,1984-05-04
1906,15,2020-07-19,1982-02-28
4753,19,2006-06-12,2021-05-06
4219,20,2010-04-27,2014-06-24
1070,2,2018-09-12,2016-08-31
3693,7,2012-12-17,1973-02-25
3916,3,1998-08-08,
112,2,2014-02-16,1986-10-22
2075,7,2008-09-04,2019-04-01
4746,1,2023-01-13,2000-05-01
2338,20,2009-10-10,1993-01-23
1170,0,1973-09-03,1995-11-01
145,20,2008-11-16,1981-06-24
4082,12,1980-11-02,1970-06-08
3271,27,2010-10-06,2009-08-11
1516,10,1977-05-20,2009-05-27
345,11,1982-11-27,1972-07-15
994,2,1972-08-18,1986-08-15
4757,3,2021-05-14,1975-02-23
1916,26,2022-04-29,1984-11-11
701,5,2012-03-03,2012-01-25
1485,13,2019-11-08,2022-09-02
3081,9,1970-09-20,2000-01-02
793,29,2009-03-03,2016-03-05
4152,5,2008-08-20,2021-11-22
4673,4,1977-08-27,2023-01-11
1724,23,2022-03-05,2002-04-15
1539,28,2013-03-23,
2822,24,2005-08-07,2018-10-25
3859,1,2004-05-20,
633,16,2012-06-18,1999-04-24
4494,23,1999-10-23,2007-09-26
3031,0,1982-10-25,1990-04-23
4563,1,2022-12-11,2004-08-19
4642,27,1974-04-23,2020-04-14
204,3,2012-02-29,2011-07-04
4019,24,2006-08-21,1975-05-30
4693,16,1992-04-12,2015-04-24
2387,21,2000-11-15,1988-01-26
1563,5,1991-04-19,1973-11-20
1677,7,1994-03-12,2007-01-28
1939,12,1984-10-13,2022-06-05
2781,17,1976-11-10,2018-08-21
3968,27,1989-06-15,2003-03-17
3069,20,2003-09-08,2015-07-04
4662,9,1996-03-02,
635,14,2023-01-14,1993-03-31
2411,29,1983-05-20,
4944,19,1980-04-27,2012-12-31
386,12,1994-08-08,2010-10-01
3379,17,1976-12-02,1978-12-07
1505,19,1999-09-27,2002-12-29
841,27,2006-07-17,2006-08-16
2743,20,2003-03-03,2009-01-02
2432,29,1989-08-16,2005-10-14
485,2,2016-07-28,1980-12-02
3460,26,2022-03-15,1979-10-29
2067,13,2007-08-15,2004-02-12
4250,0,1987-12-02,1976-12-01
728,2,2008-09-23,
1664,2,1988-08-07,1999-07-20
3851,5,2022-03-06,1994-02-01
3202,22,2003-04-18,1994-06-26
2880,11,2022-09-10,
1255,4,1995-09-27,2021-05-10
26,6,2013-05-26,2005-11-05
2742,1,1979-05-15,1990-08-14
2069,17,1979-09-15,1980-04-26
1704,20,2018-03-22,2019-12-16
2608,5,1980-12-27,2006-01-22
2605,24,1984-01-28,
3559,11,2017-10-10,2005-01-12
546,10,1997-04-08,2007-01-02
2222,5,1982-12-26,
1745,11,1973-08-21,2017-10-06
2475,0,2016-12-29,2005-11-28
2005,24,2010-08-12,2015-07-08
1991,2,1975-02-17,2010-08-17
726,25,2005-07-17,1974-12-26
4662,1,2005-03-27,1990-03-07
3031,23,1991-01-17,1993-05-19
2932,16,2001-03-29,1977-03-01
1648,0,1998-03-05,1979-04-25
199,5,1975-06-26,2007-12-30
4704,3,1990-02-11,1999-08-02
728,17,1985-09-29,2021-10-04
465,7,1981-01-02,2014-05-17
2061,13,1984-10-16,1999-08-01
3286,29,1993-12-24,2017-09-18
3088,0,2017-11-14,2023-05-11
3821,26,1974-09-03,1994-04-12
2632,2,2016-11-03,
4516,29,1990-02-15,2009-06-17
30,1,2018-11-21,2002-03-19
2986,23,1975-07-17,1998-11-09
1425,22,2012-05-25,1996-12-18
3742,22,2004-10-27,2010-12-10
2168,20,1991-01-03,2012-07-09
2780,9,2013-12-07,2003-09-23
3618,1,2008-03-10,1972-02-17
3908,18,1993-10-12,
4004,17,2015-04-26,1990-05-12
3690,14,1979-03-10,2007-09-02
3040,23,1997-03-05,2013-10-06
4236,16,1983-09-15,2012-01-12
4970,3,1976-01-10,2008-01-08
51,28,2000-10-25,2023-01-05
2716,4,1970-04-04,1975-05-23
933,7,2019-09-04,2020-03-04
4659,7,2002-02-11,1982-01-28
4813,19,2023-08-29,2012-02-04
332,29,2013-08-23,2012-11-12
1929,2,2011-05-27,1988-05-20
2644,9,2020-08-01,1988-06-08
457,3,1998-05-06,
2819,20,1976-12-13,2002-06-03
1407,23,2015-06-07,1987-05-16
39,28,1978-02-24,2008-12-18
360,22,2012-01-19,1980-05-11
146,27,2023-03-14,1972-09-26
613,27,1987-08-31,1986-07-30
1493,2,2009-03-24,1971-10-07
2830,7,1984-09-04,
27,22,1986-05-11,1986-12-20
1855,8,2015-12-18,1995-11-13
4007,29,1994-06-15,1996-11-04
677,20,2009-03-12,2010-04-03
3948,2,1994-04-06,2012-05-11
797,9,1989-09-24,2001-11-19
712,8,1997-11-20,1983-02-18
3131,14,2019-09-28,1984-07-18
4585,14,2014-06-16,
156,17,2019-07-08,1985-05-22
2914,8,1975-11-18,1974-11-13
1350,10,2003-05-29,1976-10-30
4314,10,1989-04-18,2012-01-17
532,21,2006-10-26,2023-06-22
455,21,2005-03-01,1999-07-28
3248,22,1974-09-14,2013-11-08
3352,27,2012-08-08,1973-09-26
2966,12,1988-03-16,2011-07-24
2559,27,2018-01-05,2001-02-03
2474,7,1983-03-18,1971-03-12
4547,19,2004-08-17,2012-03-17
4730,2,2012-05-11,
4211,18,1991-01-14,2003-09-30
3265,8,2017-02-10,2000-05-07
4282,0,1987-11-14,2019-07-18
2484,26,1971-12-16,1978-10-24
2662,8,1992-06-27,1991-05-27
3495,5,1997-10-10,1972-10-01
335,29,2018-12-17,1970-10-03
3043,20,2021-03-21,2007-01-07
996,21,1983-12-18,1986-12-26
1181,8,2011-11-17,1978-11-10
3588,0,1992-01-27,2018-03-14
555,3,1983-03-21,
4503,19,1972-07-24,1979-02-28
2700,27,2015-07-28,2015-01-05
1056,2,1982-09-03,2012-01-04
1487,16,1990-02-12,1990-07-06
3272,0,1998-07-30,2021-09-09
3725,22,1970-11-01,2016-02-23
2973,15,1975-09-19,2002-09-27
3683,8,2020-04-02,1973-04-13
240,13,1989-12-02,
4157,6,1989-01-02,2007-10-07
4116,6,1985-08-26,2007-02-07
1275,8,1991-11-22,2011-01-13
2491,2,2003-02-28,
1953,19,1977-12-22,2010-03-06
2790,2,1988-07-25,1970-01-22
3627,28,2020-09-03,1976-02-04
2772,26,1980-10-22,1982-03-01
1031,1,1980-02-19,2019-03-29
4474,0,2008-08-18,2001-02-16
1748,2,2009-10-23,1993-12-17
196,7,2011-06-14,2002-07-14
1526,24,1980-12-16,2002-01-30
4810,20,1972-01-29,2004-05-20
4236,27,1991-09-05,2020-04-11
2587,26,2017-06-29,1978-06-20
789,10,1978-06-07,2008-04-13
2151,6,1997-10-13,2009-07-07
2639,7,1996-10-29,
2302,15,2015-11-21,
2384,15,2015-05-14,
1640,24,2000-04-14,2019-04-20
4250,15,1982-01-15,1989-04-30
3715,24,1999-02-27,2019-01-07
2385,12,1998-07-29,2004-09-16
3997,1,1973-12-11,1979-06-30
4727,19,2001-03-01,1978-08-07
3415,4,2017-07-23,2005-06-17
4658,17,1995-09-17,2011-06-30
3125,14,1978-08-17,1979-01-09
3888,16,2020-03-09,
345,14,2001-05-20,1993-12-23
2771,12,1991-09-22,2020-11-29
4175,16,1972-05-22,2018-11-10
4990,10,2008-09-30,2007-08-12
3599,8,2016-08-31,1970-05-19
3947,28,2007-08-03,1993-08-27
2226,5,1995-06-29,
4529,20,2008-04-15,2006-06-18
4458,9,1982-05-22,1980-06-10
530,0,2010-08-26,1978-12-27
4837,28,1989-09-23,1989-03-03
429,25,1990-06-21,1985-03-03
411,21,1979-07-03,2012-12-28
2081,6,1972-03-18,2020-05-14
2515,23,2010-02-13,2018-02-12
94,15,1988-06-17,2012-02-28
3955,17,1970-02-12,2007-05-18
3950,11,2017-06-30,2010-06-24
648,4,1987-02-28,1977-04-28
406,4,2002-12-17,2017-03-20
2970,21,1978-03-01,2002-01-17
3442,27,1994-10-03,2016-01-02
3658,7,1983-03-19,2023-01-19
3187,20,1987-05-25,2020-09-10
3362,24,2003-02-25,1985-08-10
2224,28,1983-01-08,1995-02-26
2939,18,2007-08-07,1990-09-06
2377,12,1988-05-22,
1735,27,1981-02-02,1986-02-02
2335,13,2010-02-04,1979-05-05
3659,8,1971-12-09,1970-01-21
3836,10,2022-10-12,1997-07-19
2313,0,2012-08-23,2002-01-12
2561,16,1980-12-13,2002-05-11
328,9,1993-05-09,2004-08-25
4578,25,1993-05-18,
3718,6,1972-05-17,1981-06-02
599,21,1998-05-27,
4247,18,1975-03-03,2001-06-21
4300,22,2017-08-05,2004-03-03
1878,2,2012-09-12,1981-04-10
3597,17,1970-10-05,2010-07-13
3106,21,1984-05-04,1984-08-02
3673,26,2019-06-20,1982-08-19
3233,16,1974-04-20,1978-04-15
2318,29,1986-01-13,1970-07-26
4283,23,2013-08-30,1997-11-05
2497,24,1992-02-14,1972-08-02
1084,12,1976-12-27,2022-05-08
4644,14,1971-05-24,2005-05-03
3,25,1970-05-13,1976-06-30
455,27,2015-04-30,1974-02-14
1758,22,2007-03-22,1999-02-10
4246,4,2010-07-15,1989-03-09
1116,29,2018-11-02,1989-05-23
978,9,1987-08-21,2006-11-23
2726,25,1992-08-08,1991-06-12
1660,3,1972-06-03,2005-09-16
3666,24,1995-01-20,1988-11-14
4705,21,2000-07-27,2013-01-14
2602,29,1971-03-09,
2525,2,1973-09-11,1990-01-12
2612,5,2006-10-07,1985-12-12
371,23,1997-08-28,1972-01-06
2458,16,1991-02-26,1994-05-19
4520,22,2004-05-28,2015-05-30
1761,7,1971-03-10,1998-02-08
199,7,1978-07-25,1970-12-25
2421,20,2021-07-26,1992-04-02
1571,0,1987-02-17,1987-06-15
4973,14,1981-10-05,1977-09-14
561,16,1972-11-30,2005-05-17
3675,19,1979-12-27,1997-04-09
2369,8,2013-06-21,2012-05-26
2316,2,1994-02-27,
980,17,2018-11-18,2002-09-06
4067,22,2017-04-23,1989-10-29
4568,23,2005-11-07,1978-02-20
3075,25,1970-09-17,
2447,3,1975-06-05,2021-09-20
3277,22,2003-04-29,2012-03-01
4247,19,1998-09-29,1988-08-04
4413,8,2018-07-20,1975-02-06
2185,26,2007-10-04,
108,5,2021-03-12,2022-03-06
3492,22,1993-01-12,1990-07-02
3985,13,2010-08-16,2010-05-04
1201,17,1993-10-06,
4248,22,2000-12-21,2004-08-03
4546,11,2000-09-29,2004-01-13
4054,7,1971-09-29,2010-11-25
4962,7,2007-06-15,1972-04-02
2345,20,2010-01-12,1973-02-24
1183,21,1995-03-13,2022-02-26
4451,0,2000-10-04,2003-02-16
970,29,1998-11-24,1983-06-28
4697,10,2005-06-23,2020-05-04
3730,5,2005-07-24,2003-01-10
2043,1,1996-04-04,2019-07-28
3112,22,2023-02-25,2011-07-19
147,10,1987-07-07,2023-03-26
4251,19,1987-03-10,1980-02-23
177,2,2008-11-17,2022-10-23
3589,9,1988-07-10,2010-02-24
2802,13,1992-10-24,1999-01-23
1586,20,1981-09-06,2003-10-28
3635,24,2012-05-04,
342,24,2018-06-03,
3139,11,1987-07-04,1984-10-06
2926,22,1996-02-12,
1882,28,1971-06-25,2016-11-29
2130,20,1985-05-04,1981-12-19
2170,25,1984-12-30,1992-07-27
2951,21,2017-03-24,1989-02-22
711,2,1998-03-23,1984-10-16
651,14,1999-01-23,2016-01-17
3522,23,2016-08-23,2015-11-05
4875,27,2023-06-29,1997-07-01
2367,13,1995-06-26,1975-10-03
1073,21,2021-03-30,
1494,22,1998-06-10,2001-10-26
3519,20,2020-07-07,2016-03-11
4366,6,2019-08-14,2020-01-06
816,4,1996-05-13,
3337,3,2000-05-08,2011-04-13
752,17,1970-01-26,
2291,3,2019-11-19,2023-10-19
2099,11,1993-03-26,2002-10-15
1581,11,1997-10-14,1988-07-03
4024,21,2002-08-05,1986-11-17
3826,28,2014-07-01,1975-11-23
3067,17,1987-06-03,1976-09-15
651,21,1990-03-21,2015-08-18
3929,29,1987-09-08,2015-07-12
3860,14,1971-08-13,2019-08-06
3872,12,1973-09-11,1986-10-16
4446,15,2007-07-24,
3192,4,1986-02-05,1992-05-31
314,9,1984-10-13,1994-02-26
1398,12,2021-02-27,2021-07-07
1323,13,2022-10-27,1995-08-16
3825,10,2020-12-19,1988-08-19
4131,16,1983-11-25,2009-04-18
4061,13,1982-08-27,2022-11-15
111,10,2006-06-04,2022-04-28
2494,4,1993-04-21,1976-03-26
2854,26,2014-09-08,1998-10-25
3372,0,2002-06-17,2006-12-08
3402,4,1985-12-19,
2829,28,1987-02-25,1972-09-10
4955,8,2006-01-31,1988-01-12
2354,22,2023-09-27,2007-12-11
2923,26,1970-07-15,2000-08-30
1960,26,1976-03-11,1987-07-12
186,11,2021-10-07,2000-11-14
1086,9,1984-05-02,2020-05-17
3429,8,1971-07-10,1975-07-07
1422,27,1980-12-07,1972-03-16
1649,0,1975-06-06,2008-03-20
159,27,2021-09-17,2023-03-24
2449,20,2023-04-07,1990-06-06
4224,14,1980-09-21,2004-01-20
4714,0,2018-10-11,2008-04-16
2662,27,2014-09-17,
955,10,1981-12-21,1988-05-22
2513,21,1988-06-24,2023-04-28
3958,16,1984-01-28,2012-08-24
1071,20,2023-05-16,2016-04-09
2274,22,2019-12-22,2010-01-16
1394,2,2012-05-14,
1641,13,1977-05-26,2023-10-14
569,6,2007-12-10,1992-08-29
687,17,1993-10-02,2002-09-16
4971,3,2012-02-06,
1662,1,1974-05-13,2011-02-16
1248,13,1985-10-10,1982-11-01
4636,19,2014-11-10,1982-11-28
3769,29,1984-05-11,1999-07-06
1999,6,2010-07-24,1984-08-04
4786,8,1971-01-28,1991-12-06
4263,21,1989-11-10,
2631,8,1995-05-11,1991-07-10
3353,16,1974-11-15,2021-12-29
999,28,2023-03-17,2022-01-14
4204,11,1993-12-17,2013-06-20
1772,22,2020-05-09,1994-08-05
4716,6,1998-04-14,1992-01-24
4322,21,1979-04-28,1978-02-09
3486,2,1996-02-26,
464,15,1999-09-26,1990-01-16
4888,29,1975-10-29,2011-07-02
1529,0,2016-09-16,
3632,13,2011-11-30,2022-05-29
1669,13,1997-01-11,2012-03-28
2895,7,1985-08-29,1973-11-27
2273,29,1981-07-01,1974-08-17
1733,8,2020-09-10,1976-07-05
3387,12,2004-03-27,1976-07-04
3316,13,1988-09-29,1995-09-29
1927,26,2017-08-12,1988-03-10
2635,28,2003-03-25,1978-10-05
2376,10,1999-09-22,2018-11-17
4408,28,2002-10-19,2006-03-05
2672,18,2015-01-29,2005-06-19
3451,25,2015-08-07,1986-09-18
1144,27,1989-11-26,2000-05-10
3302,15,2008-12-24,2018-12-11
3763,9,2018-05-03,2006-06-12
13,13,2014-09-07,2022-12-17
3865,2,2009-10-07,1970-09-15
4020,19,1990-07-02,
2848,15,1976-08-07,1977-08-20
4418,25,1971-03-06,2010-06-30
953,10,2016-05-03,1986-07-23
1105,21,2016-03-31,1994-06-21
1923,23,1997-04-21,1985-10-22
592,16,2010-09-23,
4447,4,2001-07-15,2004-04-14
2267,28,2003-09-01,1992-04-04
207,28,2003-06-28,2020-08-04
4841,27,2010-06-18,1975-03-10
3828,8,1996-11-29,2013-07-10
1638,0,2018-04-22,1970-04-14
1723,9,2021-05-07,1987-11-19
697,6,2018-09-10,
1022,16,2006-01-17,2018-07-14
865,26,2011-05-01,
74,26,1978-02-07,2010-12-15
3268,29,1992-03-29,2012-12-04
508,12,1985-12-25,2001-02-11
1735,10,1988-01-07,2019-02-24
1548,27,2020-11-07,1989-09-02
3003,7,1977-10-13,2009-12-01
4952,28,2008-03-15,1980-12-12
2386,21,2004-09-29,1979-10-22
1316,16,2022-11-24,
1585,8,2019-02-04,1976-01-01
4515,1,1978-09-12,1974-12-17
443,20,1988-08-24,2002-07-17
4020,17,1999-01-19,1971-02-11
3211,5,2010-06-09,2005-05-17
2558,17,2017-01-11,2005-05-18
4970,11,2006-10-13,1994-05-12
86,20,2012-09-04,1977-02-16
4910,16,2004-01-07,
4804,3,2022-01-26,2003-02-01
654,16,2006-02-20,1980-03-27
749,7,1976-08-23,1987-02-07
2310,27,1985-12-26,2022-01-03
1817,22,2001-07-09,1989-10-01
1245,0,1989-07-09,
360,0,1982-02-19,1998-01-09
3972,9,2019-04-01,1984-02-01
3170,9,2016-01-28,
476,27,1991-07-20,1981-10-20
2889,8,1982-11-14,1979-07-20
2534,17,1970-04-24,1992-08-10
1196,13,1975-02-04,1977-07-14
3377,24,2006-08-07,2000-03-14
4662,0,1990-10-20,2013-03-05
106,13,1995-01-18,2013-08-27
830,21,1999-10-24,1991-04-12
2921,13,2002-11-21,1973-02-06
1233,29,1995-06-07,1977-12-01
3528,20,1975-12-12,2001-03-13
3674,3,1997-02-04,2000-09-25
786,22,2022-10-19,1994-07-15
2775,10,1987-08-28,2014-12-21
3582,26,1992-02-04,
4022,19,2018-08-20,2011-12-07
3479,12,2014-04-15,2022-08-06
913,5,1996-08-27,1989-09-11
3362,0,1971-08-20,1981-01-13
3164,10,2013-01-29,1988-06-29
3116,9,1998-05-31,2013-01-20
574,19,1987-01-20,1986-02-13
4754,14,1994-08-13,2008-07-30
3030,7,1973-06-16,1989-07-01
720,23,1997-12-30,2022-11-13
4526,18,2002-09-17,2011-06-15
4998,8,1974-07-24,
2505,21,2001-12-15,2017-12-10
662,6,2009-07-03,1993-01-25
1456,24,2013-07-27,1972-10-20
853,1,1983-01-01,1985-07-10
2817,24,1999-11-17,1984-09-26
609,11,1987-01-22,1984-03-14
4382,28,1988-03-06,2013-05-23
4092,27,2022-10-13,2007-08-21
4136,14,2023-11-30,1981-07-26
3267,8,1982-07-15,1988-08-24
3132,25,1975-01-30,1970-10-04
4750,28,2015-08-14,2011-03-11
3240,14,2010-10-16,1976-04-06
4381,10,1995-09-24,2019-03-06
1845,18,1985-03-23,1984-07-21
2035,6,2011-03-09,
1865,5,2017-08-01,2013-06-06
3499,14,1988-11-24,2008-09-20
4389,2,2008-08-22,2012-02-03
992,28,1988-05-25,2017-02-03
2957,9,1971-05-13,1996-05-23
1489,11,2023-11-02,1985-12-12
2475,4,1981-01-14,1973-07-11
3157,28,2004-02-19,
1325,29,1986-05-17,2016-07-06
1221,11,1995-10-16,2001-03-26
1843,28,1970-12-17,2023-10-24
4763,20,1993-07-03,2017-12-16
874,29,1973-01-09,2022-09-24
314,1,1974-07-02,1999-12-31
1835,16,2022-12-06,1985-03-02
3632,22,2008-02-21,1988-10-15
2426,4,1988-03-18,1972-04-10
4865,21,1988-09-12,2020-03-09
537,10,1970-09-20,2001-09-30
2735,20,1971-10-30,2003-12-20
251,7,1987-08-16,2023-04-19
2617,18,1971-01-25,2023-08-31
4676,1,1996-01-30,1986-05-07
4871,22,1985-05-23,2010-12-09
4981,19,2000-12-03,1977-10-02
3864,27,2002-09-25,1978-11-11
828,6,1992-12-07,2012-09-17
375,14,1972-07-31,
3271,8,2022-07-05,1985-10-12
1874,20,2012-02-09,1981-11-14
1149,16,1998-12-15,1996-03-09
3569,23,1981-01-29,2006-02-19
4760,2,1971-11-29,2014-01-31
4831,20,1983-09-21,2016-06-28
15,21,2022-12-24,1991-04-01
382,22,1977-04-27,2010-03-05
1203,0,1978-10-21,1975-08-02
1744,5,1981-01-24,2008-06-22
4077,21,1979-07-12,1976-12-12
3264,8,2019-07-13,1981-12-19
3085,14,2016-05-20,1991-06-13
3176,24,2015-04-19,2014-04-16
1342,17,1996-05-31,2008-07-03
388,26,1988-07-15,1972-01-04
4547,5,1984-07-01,2019-02-02
4171,13,2023-01-04,1971-03-23
1264,4,2009-12-29,1989-03-03
2227,10,1999-08-07,1998-08-04
4894,21,2018-05-25,2008-03-10
3478,10,2012-05-26,1989-03-03
4368,22,2006-04-25,
3034,7,2004-12-23,1989-11-21
3652,11,1975-10-27,2001-07-21
2523,11,1990-11-02,
661,10,1989-04-03,1979-02-24
1819,17,1970-04-12,2004-10-20
2234,28,1988-04-29,1976-10-18
1328,28,2019-07-26,1991-04-12
3467,0,2020-09-15,2011-01-07
1175,5,1993-01-22,2017-01-23
2390,2,1979-10-20,1992-04-13
466,18,2018-07-22,2020-06-19
128,22,2014-06-21,1971-10-28
1005,28,2013-01-28,2000-06-15
129,2,1970-04-26,2012-01-09
1172,15,1987-05-24,2004-01-19
1852,21,1983-03-07,1985-12-16
2870,1,1979-12-13,1986-09-28
2009,21,1980-01-22,2011-08-12
2100,21,2009-10-26,1984-01-28
3778,14,1994-10-01,1996-10-11
765,26,1982-03-21,2016-10-05
2851,5,1978-11-15,1981-01-11
4950,28,1970-05-17,
2165,4,1999-02-10,1999-07-02
3080,16,2020-09-27,1970-11-10
4605,23,1997-01-13,2017-11-09
894,16,2005-09-18,2017-02-20
22,10,2016-03-31,
1617,27,2000-04-09,1998-06-20
3312,14,2019-05-13,
973,2,1990-05-06,1982-02-24
3770,19,2006-09-01,1983-12-11
2429,10,2008-10-28,1975-11-07
2256,21,1984-08-16,2021-01-28
3627,23,1981-07-05,
3168,22,1984-08-15,2000-04-02
2678,24,2012-06-01,2015-04-17
4664,9,2018-06-19,1984-07-28
2798,14,1979-03-08,1987-12-10
1123,19,1975-12-13,2015-07-21
1137,1,1985-04-07,1979-03-05
353,21,2021-03-27,2003-07-07
4817,21,1997-09-15,2012-03-30
1977,26,1977-05-07,
4345,4,1984-12-01,2022-06-16
2719,6,2003-02-14,
4704,8,1974-10-13,2007-07-30
2755,18,1994-08-01,2008-07-19
2393,18,1997-03-16,2017-02-18
1247,17,1988-11-17,1983-12-14
1024,25,1991-04-05,1995-11-09
932,18,1985-05-26,1990-08-09
1016,23,1991-04-23,1975-03-23
501,25,2010-03-05,2006-07-16
2575,23,1988-02-13,2008-05-11
3324,2,1974-05-15,2021-09-05
4861,10,2017-08-07,2020-12-07
3538,11,1982-02-02,2023-05-05
296,11,1979-09-19,1990-09-24
4570,4,2018-10-05,1977-11-08
1457,13,1972-07-20,1996-01-12
3238,27,2007-02-17,2006-05-16
3512,25,1970-09-09,1971-01-04
4782,27,2019-02-13,1975-08-03
1880,6,1988-09-27,2002-08-06
1767,25,1989-03-15,2003-11-07
264,2,1988-01-10,1979-11-06
1159,28,2006-12-13,2013-04-11
749,29,2008-06-05,2009-08-17
1515,26,1995-03-25,1995-07-30
1721,5,2011-09-28,2004-03-21
1833,22,1985-06-07,1997-08-27
1447,12,1981-11-01,1978-01-08
858,13,1995-05-29,2014-05-16
829,5,1994-05-28,2013-02-20
3410,18,1983-03-31,
1227,20,1996-07-20,
3185,11,2008-06-25,1978-03-22
4138,24,2010-09-12,2015-11-03
697,6,2009-10-22,1987-11-13
1177,0,2017-01-10,2009-06-26
3788,14,2020-10-08,1973-12-26
3081,28,1994-10-23,
1133,13,2014-12-20,1990-02-17
1902,8,2004-03-25,2002-08-25
4209,15,1976-12-01,2002-09-10
4254,18,2004-03-01,1991-01-15
3420,20,1982-12-07,1990-01-21
3112,3,2009-12-22,2008-05-11
4692,16,2020-06-23,2019-10-09
2422,9,1972-03-16,2020-02-26
2387,9,2023-08-20,1972-01-26
158,23,1987-07-25,1981-12-24
1203,27,2011-12-08,2020-04-06
2299,23,1999-09-04,
4010,5,2012-01-26,1992-03-24
3782,23,1988-02-07,1995-08-25
4979,2,2022-12-08,1981-08-04
2807,14,1976-10-22,2014-10-12
1088,5,1993-09-17,1995-05-22
2557,20,2017-02-15,1983-12-26
3522,17,1994-08-27,
3893,11,1993-11-13,1985-08-04
1706,2,1981-12-15,2000-04-12
3151,14,1984-08-01,1972-09-27
1282,21,2003-08-01,1973-11-26
809,7,1976-07-19,1979-09-16
4186,29,1974-05-18,1984-08-15
1546,23,1971-10-28,1998-07-05
847,22,2001-11-23,1985-09-24
4122,11,2015-10-17,2007-01-16
4083,5,1994-10-22,2000-01-26
4517,9,1999-07-18,1974-01-12
1114,22,2012-07-30,1976-01-11
1419,1,1990-08-01,
818,4,1999-03-14,2000-07-25
865,1,2023-09-11,1996-11-15
1273,27,2022-03-16,1999-09-01
210,2,1976-05-11,2008-03-21
4975,16,2009-03-08,2015-03-21
4252,18,1978-11-19,1973-12-21
4269,4,1995-08-04,1987-09-05
282,0,1978-07-06,2003-08-03
4006,2,2022-07-01,2007-05-30
2313,29,2005-09-06,2009-11-10
2487,18,1976-07-17,
90,11,2018-08-30,
2716,16,2003-03-22,1997-06-06
1758,5,2011-04-26,1993-03-28
913,1,1984-04-30,2004-12-09
2208,17,2008-11-07,1977-09-01
4309,21,1995-07-09,
360,6,1977-08-05,1985-02-08
447,23,1994-09-16,1991-02-13
4461,18,2008-06-08,
3439,18,1987-04-21,1987-06-22
3553,23,2011-02-20,2011-08-02
4473,1,1975-08-22,2002-01-29
2530,0,1999-04-16,2014-08-05
4252,2,2017-05-01,2004-08-05
2269,15,2010-11-13,2022-06-25
3034,14,1980-04-25,2021-02-04
2956,27,2001-01-14,1977-07-01
1963,13,1970-04-19,
3770,17,1976-11-04,2000-07-10
2205,1,2001-11-18,2001-03-22
85,5,1970-08-24,2020-05-25
3840,7,1977-05-17,2002-08-09
387,12,1971-09-03,
1935,2,1980-03-19,
2346,11,1987-05-13,1972-08-14
3675,5,2022-10-19,1999-12-11
4296,25,1988-01-18,1970-05-20
4104,19,1995-04-11,2006-04-17
2140,23,1999-07-25,
2470,22,1977-06-21,
2129,22,1982-03-23,1977-01-25
1296,27,2001-01-27,1991-10-07
2302,28,2006-02-23,1989-05-25
4125,28,1988-02-26,1985-11-05
1170,26,1977-05-28,2022-08-19
1912,23,1977-09-11,1996-06-11
2953,8,1989-08-14,1971-01-01
1047,19,1981-03-24,1992-09-29
1188,19,1999-06-15,2011-12-31
4970,26,1970-10-09,1993-01-24
860,28,1991-04-05,1980-01-05
1473,2,2007-04-21,2019-05-21
1538,7,2020-05-21,1998-05-21
971,9,2014-09-19,2005-03-10
3548,16,2001-12-01,2005-07-21
827,16,2014-09-07,2007-06-03
3485,23,1984-06-19,1996-01-08
1530,29,1972-10-23,2001-12-22
2379,4,1972-10-17,2023-09-22
3734,22,2000-11-24,
304,15,1993-04-21,1991-08-29
4607,9,2020-11-09,1986-10-27
3840,6,1985-02-08,1983-03-20
3026,22,1970-09-15,1976-09-04
2055,7,1997-09-09,
804,12,1986-10-18,2023-04-06
3240,8,1996-04-18,1973-07-18
2735,18,2020-06-01,1985-12-13
3638,1,2021-03-11,1982-07-12
1610,11,1978-05-15,1997-10-13
4985,18,2002-07-25,2004-03-20
4052,15,1981-06-03,1998-09-29
2108,3,1979-02-10,1986-03-23
2102,11,2008-06-17,1970-10-26
3151,28,2022-06-30,1984-01-25
1498,3,1978-05-25,2013-03-09
2369,12,2015-05-30,1982-09-28
3359,22,1982-08-13,1982-09-26
1007,26,1993-02-09,1973-04-17
1302,20,1980-09-18,1991-03-06
4764,17,1985-04-05,2020-08-25
1475,23,1974-05-03,2012-01-19
845,26,1976-05-28,1992-10-30
424,29,1997-12-16,2022-05-22
2857,26,1997-03-14,2012-02-10
387,5,1976-10-15,1975-03-24
1247,20,2013-12-12,2004-12-16
1710,12,1988-04-23,2021-08-16
3946,2,2006-07-25,2018-11-28
2745,24,1990-03-30,
3752,5,1999-02-16,2016-11-05
2568,1,1975-03-20,1978-01-19
4948,23,1995-07-09,1985-06-19
1191,20,1996-02-04,2008-12-13
3297,1,2001-05-13,2016-09-12
476,10,1984-03-04,2010-01-13
4578,23,1994-09-07,2005-12-16
1763,28,2002-12-01,1992-01-25
36,18,2001-04-17,1989-04-16
